time,lead_II
0.0,1.0964675426519124
0.004001600640256103,1.0400073921289674
0.008003201280512205,0.8940650498874736
0.012004801920768308,0.6875624794642149
0.01600640256102441,0.45145005172812963
0.020008003201280513,0.21727193649714913
0.024009603841536616,0.01340333811486892
0.028011204481792718,-0.1473990801844424
0.03201280512204882,-0.2600166457792403
0.03601440576230493,-0.3240252667971997
0.040016006402561026,-0.3436960055020934
0.044017607042817125,-0.32799507829379293
0.04801920768307323,-0.29007303719988
0.05202080832332934,-0.2417797094130265
0.056022408963585436,-0.19227276566240148
0.060024009603841535,-0.14817316978246514
0.06402561024409764,-0.11342526116767168
0.06802721088435375,-0.08929675477246965
0.07202881152460985,-0.07437874111130219
0.07603041216486595,-0.06475028897561393
0.08003201280512205,-0.057914774657134495
0.08403361344537816,-0.052967329297547244
0.08803521408563425,-0.048958291442892224
0.09203681472589036,-0.04514940151908438
0.09603841536614646,-0.04101380183191295
0.10004001600640257,-0.036236036567042516
0.10404161664665867,-0.030712283536126674
0.10804321728691477,-0.02454925081912194
0.11204481792717087,-0.017751425244121127
0.11604641856742698,-0.010174016730273436
0.12004801920768307,-0.0017508511105401381
0.12404961984793918,0.007571918882060401
0.12805122048819528,0.01783581361445184
0.13205282112845138,0.029070026553500737
0.1360544217687075,0.04129142426601601
0.1400560224089636,0.05450454641874898
0.1440576230492197,0.06870160577839367
0.1480592236894758,0.08386248821158604
0.1520608243297319,0.09995475268490545
0.156062424969988,0.11694125092486445
0.1600640256102441,0.13493022619552222
0.1640656262505002,0.15379677381980553
0.16806722689075632,0.17330940100443679
0.1720688275310124,0.19324269918562975
0.1760704281712685,0.2133773440290893
0.18007202881152462,0.23350009543001252
0.1840736294517807,0.2534037975130877
0.18807523009203683,0.2728873786324944
0.19207683073229292,0.2917558513719038
0.19607843137254902,0.3098203125444787
0.20008003201280514,0.3268979431928733
0.20408163265306123,0.34281207492475824
0.20808323329331735,0.3573935182290106
0.21208483393357344,0.3704804240631589
0.21608643457382953,0.3819170551573396
0.22008803521408565,0.39155375847117957
0.22408963585434175,0.3992469651937978
0.22809123649459784,0.4048591907438049
0.23209283713485396,0.40825903476930253
0.23609443777511005,0.4093211811478843
0.24009603841536614,0.40791222029924035
0.24409763905562226,0.4038502208176315
0.24809923969587835,0.39729522166199016
0.25210084033613445,0.38847863294149637
0.25610244097639057,0.3776262285922174
0.2601040416166467,0.364958146377108
0.26410564225690275,0.3506888878860092
0.26810724289715887,0.3350273185356499
0.272108843537415,0.31817666756964536
0.27611044417767105,0.3003345280584981
0.2801120448179272,0.28169285689959783
0.2841136454581833,0.26243797481722153
0.2881152460984394,0.24275056636253237
0.2921168467386955,0.2228056799135819
0.2961184473789516,0.2027727276753072
0.3001200480192077,0.18281548567953348
0.3041216486594638,0.16309209241076067
0.3081232492997199,0.14375491601656812
0.312124849939976,0.12495044360720531
0.3161264505802321,0.10681950006067667
0.3201280512204882,0.08949727408187466
0.32412965186074433,0.07311331820257802
0.3281312525010004,0.05779154878145339
0.3321328531412565,0.04364924556521245
0.33613445378151263,0.030724422546550858
0.3401360544217687,0.018959635208305126
0.3441376550620248,0.008296822368366269
0.34813925570228094,-0.0013212708647556467
0.352140856342537,-0.00995109309193112
0.3561424569827931,-0.017648286623411818
0.36014405762304924,-0.024467687478830207
0.36414565826330536,-0.030463325387199185
0.3681472589035614,-0.035688423786912726
0.37214885954381755,-0.04019539982574575
0.37615046018407367,-0.04403586436085369
0.38015206082432973,-0.04726062195877303
0.38415366146458585,-0.049919670895420994
0.38815526210484197,-0.0520622031560957
0.39215686274509803,-0.05373660443547582
0.39615846338535415,-0.05499045413762128
0.4001600640256103,-0.05587052537597241
0.40416166466586634,-0.05642278498327989
0.40816326530612246,-0.0566927837184428
0.4121648659463786,-0.05672661424096439
0.4161664665866347,-0.05656957958976635
0.42016806722689076,-0.056266099340819234
0.4241696678671469,-0.05585974400775945
0.428171268507403,-0.05536582905029882
0.43217286914765907,-0.0547836630348942
0.4361744697879152,-0.05412611255114651
0.4401760704281713,-0.05340515309776647
0.44417767106842737,-0.052631869082574355
0.4481792717086835,-0.05181645382250007
0.4521808723489396,-0.0509682095435834
0.4561824729891957,-0.050095547380973604
0.4601840736294518,-0.049205987378929915
0.4641856742697079,-0.04830615849082079
0.468187274909964,-0.047401798579124736
0.4721888755502201,-0.046497754415429894
0.4761904761904762,-0.04559798168043404
0.4801920768307323,-0.044705544963944396
0.4841936774709884,-0.043822617764878315
0.4881952781112445,-0.042950482491262515
0.49219687875150064,-0.04208953046023356
0.4961984793917567,-0.041239261898037456
0.5002000800320128,-0.04039828594003024
0.5042016806722689,-0.039564320630677365
0.508203281312525,-0.038733959012861856
0.5122048819527811,-0.03790110538912617
0.5162064825930373,-0.03705749844915394
0.5202080832332934,-0.03618885957964985
0.5242096838735495,-0.03528045343743913
0.5282112845138055,-0.03430877468161514
0.5322128851540616,-0.03323913822947353
0.5362144857943177,-0.03202567925651192
0.5402160864345739,-0.030611353196430255
0.54421768707483,-0.028927935741130645
0.5482192877150861,-0.026896022840717296
0.5522208883553421,-0.024425030703496557
0.5562224889955982,-0.021413195795977
0.5602240896358543,-0.017747574842869342
0.5642256902761105,-0.013304044827086463
0.5682272909163666,-0.00794730298974339
0.5722288915566227,-0.0015308668301573162
0.5762304921968788,0.006102925894152264
0.5802320928371348,0.015122917167463676
0.584233693477391,0.02572239039851653
0.5882352941176471,0.03826579084202371
0.5922368947579032,0.05266990793996487
0.5962384953981593,0.06867825741422857
0.6002400960384154,0.08601487898854482
0.6042416966786714,0.10438433638848493
0.6082432973189276,0.12347164940003373
0.6122448979591837,0.1429410882237807
0.6162464985994398,0.16243621033390757
0.6202480992396959,0.18158063537133348
0.624249699879952,0.19997840134953296
0.6282513005202081,0.21721407028382136
0.6322529011604642,0.2328527281913556
0.6362545018007203,0.2464399850911345
0.6402561024409764,0.2575019750039978
0.6442577030812325,0.26554535595262685
0.6482593037214887,0.2700573099615445
0.6522609043617448,0.2705058324149117
0.6562625050020008,0.26663217905224423
0.6602641056422569,0.2589423321606424
0.664265706282513,0.2480421265369919
0.6682673069227691,0.23450729974815915
0.6722689075630253,0.2188834921309911
0.6762705082032814,0.2016862467923146
0.6802721088435374,0.18340100960893832
0.6842737094837935,0.1644831292276506
0.6882753101240496,0.14535785706522056
0.6922769107643058,0.12642034730839796
0.6962785114045619,0.10803565691391319
0.700280112044818,0.09053874560847727
0.704281712685074,0.07423447588878195
0.7082833133253301,0.05939762665130453
0.7122849139655862,0.046273908708253056
0.7162865146058424,0.03494367215960255
0.7202881152460985,0.025113816758327287
0.7242897158863546,0.016899336026497718
0.7282913165266107,0.010211418138553809
0.7322929171668667,0.0046937472002779165
0.7362945178071229,-0.0002774967512050386
0.740296118447379,-0.005593637747427915
0.7442977190876351,-0.012413503888581189
0.7482993197278912,-0.022163427343513106
0.7523009203681473,-0.03653722812692858
0.7563025210084033,-0.057095287652280204
0.7603041216486595,-0.08362277640266223
0.7643057222889156,-0.11380096992294629
0.7683073229291717,-0.14325285729062973
0.7723089235694278,-0.16554314111583554
0.7763105242096839,-0.17217823754131242
0.7803121248499401,-0.15330318691698797
0.7843137254901961,-0.10135535900139114
0.7883153261304522,-0.006087072180611402
0.7923169267707083,0.13613736646310606
0.7963185274109644,0.3206732758329128
0.8003201280512205,0.5345956008173559
0.8043217286914767,0.7566989122903789
0.8083233293317327,0.9581629223735072
0.8123249299719888,1.1024790795806882
0.8163265306122449,1.1607585671235565
0.820328131252501,1.1212002585820853
0.8243297318927572,0.9891742891847056
0.8283313325330133,0.7872216993704302
0.8323329331732694,0.5528360857779342
0.8363345338135254,0.3183252021977581
0.8403361344537815,0.10771727332814524
0.8443377350940376,-0.06231398409876674
0.8483393357342938,-0.18284111756390978
0.8523409363745499,-0.25268293876127734
0.856342537014806,-0.2778799520763848
0.860344137655062,-0.26585371650583656
0.8643457382953181,-0.2298671247269126
0.8683473389355743,-0.18235591521452757
0.8723489395758304,-0.13292813256298863
0.8763505402160865,-0.08836412748599534
0.8803521408563426,-0.05261655681663982
0.8843537414965986,-0.02681038350740638
0.8883553421368547,-0.00926150950587361
0.8923569427771109,0.002758847197629902
0.896358543417367,0.010814727866576052
0.9003601440576231,0.0161923398992149
0.9043617446978792,0.019984068049360197
0.9083633453381353,0.023088474426388568
0.9123649459783914,0.026211126954825227
0.9163665466186475,0.029869548539624
0.9203681472589036,0.03438989981853138
0.9243697478991597,0.03990452787632084
0.9283713485394158,0.046351957153329376
0.932372949179672,0.05347688944545699
0.936374549819928,0.061030751610147316
0.9403761504601841,0.06935680840366112
0.9443777511004402,0.07855310962695758
0.9483793517406963,0.08867151482471913
0.9523809523809524,0.09974758521546719
0.9563825530212086,0.11180058369156252
0.9603841536614646,0.12483347481920387
0.9643857543017207,0.1388329248384308
0.9683873549419768,0.15376930166312003
0.9723889555822329,0.16959667488098806
0.976390556222489,0.1862528157535904
0.9803921568627452,0.20365919721632111
0.9843937575030013,0.22173978245285447
0.9883953581432573,0.24050374584065642
0.9923969587835134,0.25974025136421175
0.9963985594237695,0.279199990303594
1.0004001600640255,0.29864428673200605
1.0044017607042817,0.31784509751578033
1.0084033613445378,0.33658501231437715
1.012404961984794,0.3546570226912777
1.01640656262505,0.371860943383291
1.0204081632653061,0.38800409648500284
1.0244097639055623,0.4029042121589827
1.0284113645458184,0.41638912393678174
1.0324129651860745,0.428297165787043
1.0364145658263306,0.4384773044715384
1.0404161664665867,0.4467891395451689
1.0444177671068429,0.45310290335596465
1.048419367747099,0.45729946104508407
1.0524209683873549,0.4592703105468151
1.056422569027611,0.4589175825885742
1.0604241696678671,0.4559327565110951
1.0644257703081232,0.45021714823993875
1.0684273709483794,0.4420594825788355
1.0724289715886355,0.43173742025192285
1.0764305722288916,0.4195170439651152
1.0804321728691477,0.40565285840610443
1.0844337735094038,0.39038779024435943
1.08843537414966,0.3739531881311261
1.092436974789916,0.3565688226994272
1.0964385754301722,0.33844288656406263
1.1004401760704283,0.31977199432160996
1.1044417767106842,0.3007411825504228
1.1084433773509403,0.28152390981063274
1.1124449779911965,0.2622820667854672
1.1164465786314526,0.24316657461908403
1.1204481792717087,0.22431771958010435
1.1244497799119648,0.20586429104948012
1.128451380552221,0.18792350038994118
1.132452981192477,0.17060098094599357
1.1364545818327332,0.15399078804392102
1.1404561824729893,0.13817539899178388
1.1444577831132454,0.12322571307941986
1.1484593837535015,0.1092010515784436
1.1524609843937577,0.09614915774224708
1.1564625850340136,0.08410619680599958
1.1604641856742697,0.07309675598664589
1.1644657863145258,0.06313384448290983
1.168467386954782,0.05421939619010076
1.172468987595038,0.046325112635350024
1.1764705882352942,0.03937528320205166
1.1804721888755503,0.03329251041889728
1.1844737895158064,0.028002651955483685
1.1884753901560625,0.023434820622312523
1.1924769907963186,0.0195213843707909
1.1964785914365748,0.016197966293230608
1.2004801920768309,0.013403444622848957
1.2044817927170868,0.011079952733768005
1.208483393357343,0.009172879141015139
1.212484993997599,0.00763086784230888
1.2164865946378551,0.006406407215778176
1.2204881952781113,0.005457038917949021
1.2244897959183674,0.004743901532508495
1.2284913965586235,0.004231559494214053
1.2324929971988796,0.0038885152193903804
1.2364945978391357,0.0036866969754329694
1.2404961984793919,0.0036012881706421985
1.244497799119648,0.0036107273542234507
1.248499399759904,0.0036967082162875876
1.2525010004001602,0.0038441795878503314
1.2565026010404161,0.004041345440832263
1.2605042016806722,0.004279664888059603
1.2645058023209284,0.004553852183263151
1.2685074029611845,0.004861876721079081
1.2725090036014406,0.005206496005762463
1.2765106042416967,0.005589422522684049
1.2805122048819528,0.00600191144447188
1.284513805522209,0.00643639501668878
1.288515406162465,0.006887109935038236
1.2925170068027212,0.007350097345364802
1.2965186074429773,0.007823202843653844
1.3005202080832334,0.008306076476031543
1.3045218087234896,0.008800172738765266
1.3085234093637454,0.009308750578262907
1.3125250100040016,0.00983687339107347
1.3165266106442577,0.010390976643778771
1.3205282112845138,0.010976559016003008
1.32452981192477,0.011599852693122033
1.328531412565026,0.012268891848575601
1.3325330132052822,0.012993515105944322
1.3365346138455383,0.013785365538949577
1.3405362144857944,0.014657890671453929
1.3445378151260505,0.015626342477460583
1.3485394157663066,0.016707777381113714
1.3525410164065628,0.017921056256698382
1.3565426170468189,0.019269868938585722
1.3605442176870748,0.02075668896831124
1.364545818327331,0.02251359978437606
1.368547418967587,0.024679117316160314
1.3725490196078431,0.02738654917049514
1.3765506202480993,0.03076399463166242
1.3805522208883554,0.0349343446613952
1.3845538215286115,0.0400152818988773
1.3885554221688676,0.046119280660743237
1.3925570228091237,0.053353606941078754
1.3965586234493799,0.06182031841142044
1.400560224089636,0.07161626442075553
1.404561824729892,0.0828330859955224
1.408563425370148,0.0955572158396096
1.4125650260104041,0.10986987833435861
1.4165666266506602,0.12589148007985182
1.4205682272909164,0.14374273885746025
1.4245698279311725,0.16292905511074238
1.4285714285714286,0.1828976178111087
1.4325730292116847,0.2031199841707574
1.4365746298519408,0.2230913966523086
1.440576230492197,0.2423314659591692
1.444577831132453,0.2603843986989886
1.4485794317727092,0.2768189973836578
1.4525810324129653,0.2912286604293095
1.4565826330532214,0.3032313821563183
1.4605842336934773,0.31246975278930067
1.4645858343337335,0.31861095845711546
1.4685874349739896,0.3213467811928626
1.4725890356142457,0.3203935989338843
1.4765906362545018,0.31546963038024367
1.480592236894758,0.306422584176474
1.484593837535014,0.2939223739252185
1.4885954381752702,0.2787196799754009
1.4925970388155263,0.2615048750775354
1.4965986394557824,0.24290802438372658
1.5006002400960385,0.22349888544766847
1.5046018407362947,0.20378690822464599
1.5086034413765508,0.18422123507153362
1.5126050420168067,0.16519070074679634
1.5166066426570628,0.14702383561337962
1.520608243297319,0.12998901852668887
1.524609843937575,0.11429454394515438
1.5286114445778312,0.10008841589428849
1.5326130452180873,0.0874583308011936
1.5366146458583434,0.07643167749456227
1.5406162464985995,0.06697553720467715
1.5446178471388556,0.05899668356341131
1.5486194477791118,0.05249014619388412
1.5526210484193679,0.04836715408954575
1.556622649059624,0.04457863418914828
1.5606242496998801,0.0388486263269937
1.564625850340136,0.029544687918320718
1.5686274509803921,0.01567789395930535
1.5726290516206483,-0.0030971629729399167
1.5766306522609044,-0.026482372720365195
1.5806322529011605,-0.05353610754398421
1.5846338535414166,-0.08267322212387343
1.5886354541816727,-0.11245143222404935
1.5926370548219289,-0.1403837966607996
1.596638655462185,-0.1488645422711438
1.600640256102441,-0.12308844814365141
1.6046418567426972,-0.05406518695228117
1.6086434573829533,0.06138067504361883
1.6126450580232095,0.22060967799931136
1.6166466586634654,0.4151674670527996
1.6206482593037215,0.6307836662261536
1.6246498599439776,0.8473698564683876
1.6286514605842337,1.0382244795416724
1.6326530612244898,1.1666236391324012
1.636654661864746,1.2062349421570782
1.640656262505002,1.1486013066032636
1.6446578631452582,1.0027687918936727
1.6486594637855143,0.79514205832519
1.6526610644257704,0.5590520212611216
1.6566626650660266,0.32444865191850697
1.6606642657062827,0.11517161560136518
1.6646658663465388,-0.05332684074327951
1.6686674669867947,-0.17398188852539193
1.6726690676270508,-0.24443977146483611
1.676670668267307,-0.2692467079979676
1.680672268907563,-0.2610811870873055
1.6846738695478192,-0.2310851384983922
1.6886754701880753,-0.18875489637157244
1.6926770708283314,-0.14194119922199325
1.6966786714685875,-0.09684918993960408
1.7006802721088436,-0.05803841578915665
1.7046818727490998,-0.02842282841020455
1.708683473389356,-0.008665814041467138
1.712685074029612,0.004254062453665698
1.716686674669868,0.01253404484923034
1.720688275310124,0.017892913710352527
1.7246898759503801,0.021710241081586208
1.7286914765906363,0.025024066522502657
1.7326930772308924,0.028529602810587352
1.7366946778711485,0.03257923429549964
1.7406962785114046,0.0371825168990737
1.7446978791516607,0.04210847426287905
1.7486994797919169,0.04756824410272535
1.752701080432173,0.053681157326460706
1.756702681072429,0.06051061073769073
1.7607042817126852,0.06811185255920937
1.7647058823529413,0.07653198243299832
1.7687074829931972,0.08580995142022796
1.7727090836334534,0.09597656200125677
1.7767106842737095,0.1070544680756316
1.7807122849139656,0.11905817496208712
1.7847138855542217,0.131994039398547
1.7887154861944778,0.1458719751992166
1.792717086834734,0.16074793240383128
1.79671868747499,0.1765396486206116
1.8007202881152462,0.1931319225407424
1.8047218887555023,0.2104033468654924
1.8087234893957584,0.22822630830621518
1.8127250900360146,0.2464669875843492
1.8167266906762707,0.2649853594314169
1.8207282913165266,0.28363512588413214
1.8247298919567827,0.3022629156311989
1.8287314925970388,0.3207085448041649
1.832733093237295,0.33880561109826807
1.836734693877551,0.3563815062188312
1.8407362945178072,0.37325736552702465
1.8447378951580633,0.38924791697715744
1.8487394957983194,0.40416163217938617
1.8527410964385755,0.41780077675395183
1.8567426970788317,0.42996141033118074
1.8607442977190878,0.4404333865514831
1.864745898359344,0.44900035306535435
1.8687474989996,0.4554526814326534
1.872749099639856,0.4597045863303694
1.876750700280112,0.4617465096110738
1.8807523009203682,0.46158560761547235
1.8847539015606243,0.4592459272957726
1.8887555022008804,0.45476840621568476
1.8927571028411365,0.4482108725504197
1.8967587034813926,0.43964804508669214
1.9007603041216488,0.42917153322271706
1.9047619047619049,0.41688983696821275
1.908763505402161,0.4029283469443989
1.9127651060424171,0.38742934438399695
1.9167667066826732,0.37055200113123105
1.9207683073229291,0.3524723489744202
1.9247699079631853,0.3333820742926109
1.9287715086034414,0.31348812261771536
1.9327731092436975,0.2930142184230223
1.9367747098839536,0.27220097679332234
1.9407763105242097,0.2513059034249083
1.9447779111644659,0.23060339462557486
1.948779511804722,0.2103137601474336
1.952781112444978,0.19049735386758593
1.9567827130852342,0.17126981376085543
1.9607843137254903,0.15273668621293754
1.9647859143657465,0.13499003790495454
1.9687875150060026,0.11810845581345539
1.9727891156462585,0.10215704721041599
1.9767907162865146,0.08718743966323855
1.9807923169267707,0.07323778103475276
1.9847939175670268,0.06033273948321448
1.988795518207283,0.04848350346230677
1.992797118847539,0.037687781721139325
1.9967987194877952,0.0279298033042487
2.000800320128051,0.01918031755159804
2.0048019207683074,0.011396594098577375
2.0088035214085633,0.0045224228760036116
2.0128051220488197,-0.001511885889879605
2.0168067226890756,-0.0067895016774020345
2.020808323329332,-0.011407070176381259
2.024809923969588,-0.015454606517994362
2.028811524609844,-0.018934936609551117
2.0328131252501,-0.021893462930183766
2.0368147258903564,-0.024381758321761537
2.0408163265306123,-0.02644811224365428
2.0448179271708686,-0.02813774989770549
2.0488195278111245,-0.029493489603152533
2.0528211284513804,-0.030555085421706443
2.0568227290916368,-0.031359008032578836
2.0608243297318927,-0.03193844473248162
2.064825930372149,-0.03232329943562706
2.068827531012405,-0.03254019267372779
2.0728291316526612,-0.03261246159599704
2.076830732292917,-0.03256015996914832
2.0808323329331735,-0.032400058177395406
2.0848339335734294,-0.032145643222452565
2.0888355342136857,-0.031807118723534596
2.0928371348539416,-0.031391404917356466
2.096838735494198,-0.030902138658133654
2.100840336134454,-0.03033908245262228
2.1048419367747098,-0.029696111052517623
2.108843537414966,-0.028980660771491782
2.112845138055222,-0.02820222741926495
2.1168467386954783,-0.027368565312623078
2.1208483393357342,-0.026485687275417634
2.1248499399759906,-0.02555870731510335
2.1288515406162465,-0.024595431267464343
2.132853141256503,-0.02360337624970093
2.1368547418967587,-0.02258831872875556
2.140856342537015,-0.02155429367863656
2.144857943177271,-0.020503594580417676
2.1488595438175273,-0.01943677342223838
2.152861144457783,-0.018352640699304097
2.156862745098039,-0.01724826541388545
2.1608643457382954,-0.016118975075318925
2.1648659463785513,-0.01495835570000675
2.1688675470188077,-0.013758251811416784
2.1728691476590636,-0.01250876644008244
2.17687074829932,-0.011198261123602895
2.180872348939576,-0.009813355906642781
2.184873949579832,-0.008338929340932805
2.188875550220088,-0.006758118485268982
2.1928771508603444,-0.005052967033337772
2.1968787515006003,-0.0032337580189408105
2.2008803521408566,-0.0012121045086401425
2.2048819527811125,0.001146802344100228
2.2088835534213684,0.003972323777304838
2.212885154061625,0.007388373420486979
2.2168867547018807,0.011513417294648512
2.220888355342137,0.016460473812279695
2.224889955982393,0.02233729204190483
2.2288915566226493,0.029248245768874
2.232893157262905,0.03729359815411437
2.2368947579031615,0.046568187033109935
2.2408963585434174,0.05716140263283313
2.2448979591836737,0.06915718757174517
2.2488995598239296,0.08263443736658038
2.252901160464186,0.09768877059603849
2.256902761104442,0.11443312225712449
2.2609043617446978,0.13249189420758767
2.264905962384954,0.15140653011185154
2.26890756302521,0.17072700736281882
2.2729091636654664,0.19001183708187078
2.2769107643057223,0.2088280641188668
2.2809123649459786,0.22675126705214566
2.2849139655862345,0.24336555818852423
2.288915566226491,0.2582635835632982
2.2929171668667467,0.27104652294024184
2.296918767507003,0.28132408981160795
2.300920368147259,0.28871453139812847
2.3049219687875153,0.2928446286490133
2.308923569427771,0.2933496962419512
2.312925170068027,0.2898522390821058
2.3169267707082835,0.2823518386975088
2.3209283713485394,0.27141283583360476
2.3249299719887957,0.25759991626902856
2.3289315726290516,0.24144971563484893
2.332933173269308,0.2234708638330231
2.336934773909564,0.20414375269891802
2.34093637454982,0.18392052101158465
2.344937975190076,0.16322505449375652
2.3489395758303324,0.142452985811851
2.3529411764705883,0.12197169457596899
2.356942777110844,0.10212030733989426
2.3609443777511006,0.083209697601094
2.3649459783913565,0.06552248580071933
2.368947579031613,0.04931303932360419
2.3729491796718687,0.03480747249826635
2.376950780312125,0.02200611478639649
2.380952380952381,0.010667058346478134
2.3849539815926373,0.0009142789652122451
2.388955582232893,-0.0073425060068417584
2.3929571828731495,-0.01443223326475169
2.3969587835134054,-0.020922493549213224
2.4009603841536618,-0.0276195316465498
2.4049619847939177,-0.03556824638871213
2.4089635854341735,-0.04605219065327892
2.41296518607443,-0.06059357136345631
2.416966786714686,-0.08091054170758859
2.420968387354942,-0.10747441471516637
2.424969987995198,-0.13832744878847816
2.4289715886354544,-0.16981537427721263
2.4329731892757103,-0.1966324442591585
2.4369747899159666,-0.21182051913915015
2.4409763905562225,-0.20676891341660653
2.444977991196479,-0.17220886879295375
2.4489795918367347,-0.10185930015243022
2.452981192476991,0.012364145213015182
2.456982793117247,0.1715390360391888
2.460984393757503,0.36854151989447226
2.4649859943977592,0.5880466650664625
2.468987595038015,0.8065284605619746
2.4729891956782715,0.9927220950678071
2.4769907963185274,1.1147379236810047
2.4809923969587837,1.1493055150941427
2.4849939975990396,1.0888847853879817
2.488995598239296,0.9424874447990929
2.492997198879552,0.7352465755637972
2.496998799519808,0.4985635097405464
2.501000400160064,0.26256378204063535
2.5050020008003204,0.05068614576083874
2.5090036014405763,-0.12178500291902473
2.5130052020808322,-0.2473563214425752
2.5170068027210886,-0.31976585891055276
2.5210084033613445,-0.34749880749443407
2.525010004001601,-0.34285211137987687
2.5290116046418567,-0.3165123201465502
2.533013205282113,-0.2775550758990096
2.537014805922369,-0.23344556699608351
2.5410164065626253,-0.19003872213995443
2.545018007202881,-0.15157921041240643
2.5490196078431375,-0.12070144127482693
2.5530212084833934,-0.09842956456820394
2.5570228091236498,-0.08400548083169944
2.5610244097639057,-0.07422029320892773
2.5650260104041616,-0.06745303730334759
2.569027611044418,-0.06268923623488626
2.573029211684674,-0.05906462699714092
2.57703081232493,-0.05586516045737868
2.581032412965186,-0.052527001356536866
2.5850340136054424,-0.04863652830922267
2.5890356142456983,-0.04393033380371307
2.5930372148859546,-0.03829522420195574
2.5970388155262105,-0.03176821973956768
2.601040416166467,-0.024536554525836328
2.6050420168067228,-0.01679461506551208
2.609043617446979,-0.008286784669908022
2.613045218087235,0.0010720576581897396
2.617046818727491,0.011328506076190644
2.6210484193677472,0.022514428242965207
2.625050020008003,0.034646965318844744
2.6290516206482595,0.04772850427778524
2.6330532212885154,0.06174641670595915
2.6370548219287717,0.0766731758634782
2.6410564225690276,0.09246652623626533
2.645058023209284,0.1090694858117038
2.64905962384954,0.12641034607863813
2.653061224489796,0.14440267202737345
2.657062825130052,0.1629454372634409
2.6610644257703084,0.18199258733705134
2.6650660264105643,0.20143666489711515
2.6690676270508202,0.22103831041155297
2.6730692276910766,0.2405676160083162
2.6770708283313325,0.2598047024273422
2.681072428971589,0.2785397190205536
2.6850740296118447,0.29657284375185966
2.689075630252101,0.3137142831971543
2.693077230892357,0.3297842725443179
2.6970788315326133,0.34461307559321624
2.701080432172869,0.3580409847557012
2.7050820328131255,0.3699183210556098
2.7090836334533814,0.38010543412876524
2.7130852340936378,0.3884727022229763
2.7170868347338937,0.3949005321980379
2.7210884353741496,0.3992793595257297
2.725090036014406,0.4015096482898181
2.729091636654662,0.40150190096968774
2.733093237294918,0.3990479906737997
2.737094837935174,0.39393920593979875
2.7410964385754304,0.386408008903737
2.7450980392156863,0.37669460686459216
2.7490996398559426,0.3650309805198465
2.7531012404961985,0.35164088396548493
2.757102841136455,0.3367398446959966
2.7611044417767108,0.32053516360437423
2.765106042416967,0.3032259149821143
2.769107643057223,0.28500294651921637
2.773109243697479,0.2660488793041842
2.7771108443377353,0.24653810782402472
2.781112444977991,0.22663679996424882
2.7851140456182475,0.20650289700887098
2.7891156462585034,0.18628611364040903
2.7931172468987597,0.16612793793988487
2.7971188475390156,0.1461616313868235
2.801120448179272,0.12651222885925428
2.805122048819528,0.10729653863370911
2.809123649459784,0.0886231423852246
2.81312525010004,0.07059239518734042
2.817126850740296,0.05329642551210153
2.8211284513805523,0.03681913523005173
2.8251300520208082,0.021236199610243263
2.8291316526610646,0.006615064889475398
2.8331332533013205,-0.006985493125907058
2.837134853941577,-0.019515882473765574
2.8411364545818327,-0.03093540704605264
2.845138055222089,-0.041250911714356873
2.849139655862345,-0.05053295810869708
2.8531412565026013,-0.0588544339238345
2.857142857142857,-0.06628557582738182
2.8611444577831135,-0.07289393597951177
2.8651460584233694,-0.07874428159208423
2.8691476590636253,-0.08389869536951954
2.8731492597038817,-0.0884166089890892
2.8771508603441376,-0.09235480310091632
2.881152460984394,-0.09576740732797552
2.88515406162465,-0.09870590026609284
2.889155662264906,-0.10121910948394594
2.893157262905162,-0.10335321152306383
2.8971588635454184,-0.10515173189782698
2.9011604641856743,-0.1066555450954674
2.9051620648259306,-0.10790287457606866
2.9091636654661865,-0.10892929277256559
2.913165266106443,-0.10976772109074473
2.917166866746699,-0.11044842990924399
2.9211684673869547,-0.1109990385795528
2.925170068027211,-0.11144451542601198
2.929171668667467,-0.11180717774581389
2.9331732693077233,-0.11210638103528646
2.937174869947979,-0.11235746829817812
2.9411764705882355,-0.11257275878748516
2.9451780712284914,-0.11276192071957152
2.9491796718687477,-0.11293197128365233
2.9531812725090036,-0.11308727664179449
2.95718287314926,-0.11322955192891637
2.961184473789516,-0.11335786125278749
2.9651860744297722,-0.11344094427897392
2.969187675070028,-0.11346788925553637
2.973189275710284,-0.11346401896242073
2.9771908763505404,-0.11345085172099939
2.9811924769907963,-0.11344610111836124
2.9851940776310526,-0.11346367600731223
2.9891956782713085,-0.1135136805063745
2.993197278911565,-0.11360241399978718
2.9971988795518207,-0.11373237113750578
3.001200480192077,-0.1139022418352029
3.005202080832333,-0.11410691127426739
3.0092036814725893,-0.11433745990180522
3.013205282112845,-0.11458116343063839
3.0172068827531016,-0.1148214928393062
3.0212084833933575,-0.11503811437206435
3.0252100840336134,-0.11520688953888514
3.0292116846738697,-0.11529987511545771
3.0332132853141256,-0.11528532423532073
3.037214885954382,-0.11512769555994073
3.041216486594638,-0.1147876486392794
3.045218087234894,-0.11422203834660814
3.04921968787515,-0.1133839148209151
3.0532212885154064,-0.11222252346690517
3.0572228891556623,-0.1106833049549995
3.0612244897959187,-0.10870789522133635
3.0652260904361746,-0.10628925538235841
3.069227691076431,-0.10343102976600772
3.073229291716687,-0.0998406611539994
3.0772308923569427,-0.09525111134438001
3.081232492997199,-0.08944413095793088
3.085234093637455,-0.08225025943816809
3.0892356942777113,-0.07354882505134255
3.093237294917967,-0.06326794488643964
3.0972388955582235,-0.051384524855179775
3.1012404961984794,-0.037924259692017834
3.1052420968387358,-0.022961632954143614
3.1092436974789917,-0.006619917021481531
3.113245298119248,0.01092882690330927
3.117246898759504,0.029463748794834786
3.1212484993997602,0.0487152098049664
3.125250100040016,0.06836478226284076
3.129251700680272,0.08804524967485977
3.1332533013205284,0.1073530281545915
3.1372549019607843,0.125744714915624
3.1412565026010406,0.1426004543647963
3.1452581032412965,0.15738336129420868
3.149259703881553,0.16964228425769404
3.1532613045218087,0.17901180557081853
3.157262905162065,0.18521224131088068
3.161264505802321,0.18804964131691213
3.1652661064425773,0.18741578918967738
3.1692677070828332,0.183288202291674
3.1732693077230896,0.17571523541181064
3.1772709083633455,0.16496661907029925
3.1812725090036014,0.15149916256103163
3.1852741096438577,0.13577550115952328
3.1892757102841136,0.11826112216079201
3.19327731092437,0.09942436487935798
3.197278911564626,0.07973642064924401
3.201280512204882,0.05967133282397529
3.205282112845138,0.0397059967765793
3.2092837134853944,0.02032015989958632
3.2132853141256503,0.0018752365628685397
3.2172869147659067,-0.015442282384557726
3.2212885154061626,-0.031328714466261565
3.225290116046419,-0.045577759182097444
3.229291716686675,-0.05808662024635909
3.2332933173269307,-0.06885600148260859
3.237294917967187,-0.07798957474704457
3.241296518607443,-0.08569345283901092
3.2452981192476993,-0.09227712749242206
3.249299719887955,-0.09815359465563156
3.2533013205282115,-0.10383935449143224
3.2573029211684674,-0.10995441137705574
3.2613045218087238,-0.1171039758519038
3.2653061224489797,-0.12626868520014145
3.269307723089236,-0.14031675403330904
3.273309323729492,-0.16078304219053435
3.2773109243697482,-0.18743655016134236
3.281312525010004,-0.21828050602071153
3.28531412565026,-0.24955236542907352
3.2893157262905164,-0.2757238116323138
3.2933173269307723,-0.2906934186334572
3.2973189275710286,-0.2859871704704283
3.3013205282112845,-0.24952816109669038
3.305322128851541,-0.1736243529957855
3.3093237294917968,-0.05527390046308189
3.313325330132053,0.10383485039422546
3.317326930772309,0.2973233616571154
3.3213285314125653,0.5141229073960843
3.3253301320528212,0.7366903114151615
3.3293317326930776,0.9283002930665544
3.3333333333333335,1.0552539841595345
3.3373349339735894,1.096705202742091
3.3413365346138457,1.0446607503154388
3.3453381352541016,0.9039875225135116
3.349339735894358,0.6971542353466545
3.353341336534614,0.4609569799023383
3.35734293717487,0.22656601324678596
3.361344537815126,0.01732053025203776
3.3653461384553824,-0.15127133640404983
3.3693477390956383,-0.2707957382051099
3.3733493397358947,-0.3401964859217603
3.3773509403761506,-0.36747013093657477
3.3813525410164065,-0.36144576477786233
3.385354141656663,-0.33116671922240926
3.3893557422969187,-0.28589056629547854
3.393357342937175,-0.23508911827081025
3.397358943577431,-0.18844842767062095
3.4013605442176873,-0.15269295434516825
3.405362144857943,-0.12663247911298406
3.4093637454981995,-0.1084381707507501
3.4133653461384554,-0.09634322293932446
3.417366946778712,-0.08864234198067532
3.4213685474189677,-0.08369174679788197
3.425370148059224,-0.0799091689351341
3.42937174869948,-0.0761520885656002
3.433373349339736,-0.0722175634545199
3.437374949979992,-0.06794870774699308
3.441376550620248,-0.06320951644187019
3.4453781512605044,-0.05788436863158289
3.4493797519007603,-0.05187719812397517
3.4533813525410166,-0.045111487043339345
3.4573829531812725,-0.03753026583041645
3.461384553821529,-0.029096113242396297
3.4653861544617848,-0.01979099279178337
3.469387755102041,-0.009593106082064769
3.473389355742297,0.0015401924025707139
3.4773909563825534,0.01363639987160585
3.4813925570228093,0.026705368751355513
3.485394157663065,0.04073938479310569
3.4893957583033215,0.05571316707311354
3.4933973589435774,0.07158386799260759
3.4973989595838337,0.08829107327778804
3.5014005602240896,0.10575680197982593
3.505402160864346,0.12388550647486421
3.509403761504602,0.14256407246401628
3.513405362144858,0.16166181897336782
3.517406962785114,0.18103049835397528
3.5214085634253705,0.20050429628186647
3.5254101640656264,0.21989983175804084
3.5294117647058827,0.23901615710846863
3.5334133653461386,0.25763475798409213
3.5374149659863945,0.27551966470458783
3.541416566626651,0.29241972842585845
3.5454181672669067,0.30815488350287135
3.549419767907163,0.32259093996796695
3.553421368547419,0.3354967375165607
3.5574229691876753,0.346670689732398
3.561424569827931,0.35594197723473453
3.5654261704681876,0.36317054767833556
3.5694277711084434,0.3682471157534773
3.5734293717487,0.37109316318594543
3.5774309723889557,0.37166093873703615
3.581432573029212,0.3699334582035554
3.585434173669468,0.3659245044178195
3.589435774309724,0.359678627247655
3.59343737494998,0.3512711435963983
3.597438975590236,0.34080813740289617
3.6014405762304924,0.32842645964150535
3.6054421768707483,0.31429372832209257
3.6094437775110046,0.2986083284900352
3.6134453781512605,0.28159718251620997
3.617446978791517,0.2633924200931205
3.621448579431773,0.24419698829793274
3.625450180072029,0.22427533642406225
3.629451780712285,0.20387439231574866
3.6334533813525414,0.18322356236805595
3.6374549819927973,0.16253471224853802
3.641456582633053,0.14200030403894662
3.6454581832733095,0.121791843258313
3.6494597839135654,0.10206294840215452
3.6534613845538217,0.08294971651681349
3.6574629851940776,0.06457072319945542
3.661464585834334,0.0470270225980706
3.66546618647459,0.030402147411473016
3.6694677871148462,0.014762108889300667
3.673469387755102,0.00015539683201599682
3.6774709883953585,-0.013386950132394573
3.6814725890356144,-0.02584787285854318
3.6854741896758707,-0.03713595878019507
3.6894757903161266,-0.04727005116817826
3.6934773909563825,-0.05632926577482177
3.697478991596639,-0.06439004308452144
3.7014805922368947,-0.07152614831374013
3.705482192877151,-0.07780867141100758
3.709483793517407,-0.0833060270569205
3.7134853941576633,-0.08808395466414282
3.717486994797919,-0.0922055183774051
3.7214885954381756,-0.0957311070735051
3.7254901960784315,-0.09871843436130733
3.729491796718688,-0.10122253858174352
3.7334933973589437,-0.10329578280781225
3.7374949979992,-0.10498785482847162
3.741496598639456,-0.1063451341453593
3.745498199279712,-0.10740901273182014
3.749499799919968,-0.10821767948717692
3.753501400560224,-0.10880664804281964
3.7575030012004804,-0.1092087567622051
3.7615046018407363,-0.10945416874085719
3.7655062024809927,-0.10957037180636658
3.7695078031212486,-0.10958217851839121
3.773509403761505,-0.10951172616865568
3.777511004401761,-0.10937847678095168
3.781512605042017,-0.109199217111138
3.785514205682273,-0.10898805864714012
3.7895158063225294,-0.10875643760895075
3.7935174069627853,-0.1085131149486296
3.797519007603041,-0.10826417635030289
3.8015206082432975,-0.10801303223016435
3.8055222088835534,-0.10776041773647455
3.8095238095238098,-0.10750439274956071
3.8135254101640657,-0.10724034188181748
3.817527010804322,-0.10695621371004532
3.821528611444578,-0.10658873169147165
3.8255302120848342,-0.10615503262245096
3.82953181272509,-0.1056936533016909
3.8335334133653465,-0.10523618581439445
3.8375350140056024,-0.10480727753226081
3.8415366146458583,-0.10442454962004406
3.8455382152861146,-0.10409805223595323
3.8495398159263705,-0.10383060044171621
3.853541416566627,-0.10361806299519234
3.8575430172068828,-0.10344936394073648
3.861544617847139,-0.10330648260919921
3.865546218487395,-0.10316445361792721
3.8695478191276513,-0.10299136687076263
3.8735494197679072,-0.1027483675580437
3.8775510204081636,-0.1023896561566042
3.8815526210484195,-0.10186252920490506
3.885554221688676,-0.10110750162842892
3.8895558223289317,-0.10005818441428518
3.8935574229691876,-0.0986412438360794
3.897559023609444,-0.09677640145391271
3.9015606242497,-0.0943764341143822
3.905562224889956,-0.09134717395058042
3.909563825530212,-0.08758750838209602
3.9135654261704684,-0.08298938011501338
3.9175670268107243,-0.07747113827567116
3.9215686274509807,-0.07090924505784042
3.9255702280912366,-0.06304999299242853
3.929571828731493,-0.05369971961916458
3.933573429371749,-0.04273193073044864
3.937575030012005,-0.030087300371350913
3.941576630652261,-0.01577379715068954
3.945578231292517,0.0001310743221210435
3.9495798319327733,0.017480538339468086
3.953581432573029,0.036060577844380236
3.9575830332132855,0.05559000752721559
3.9615846338535414,0.07572047382566177
3.9655862344937978,0.09603645492473602
3.9695878351340537,0.11605526075678503
3.97358943577431,0.13527507260464602
3.977591036414566,0.15320493254251133
3.9815926370548222,0.16919149144560655
3.985594237695078,0.18267630464051787
3.9895958383353345,0.19321383033231834
3.9935974389755904,0.20047142960456632
3.9975990396158463,0.20422936641930653
4.001600640256102,0.20438080761707025
4.0056022408963585,0.20093182291687386
4.009603841536615,0.1940013849162222
4.013605442176871,0.18382136909110167
4.017607042817127,0.1706781465547812
4.021608643457383,0.15501933395364548
4.025610244097639,0.13748065713757648
4.029611844737896,0.11865282908263805
4.033613445378151,0.09907788637196913
4.0376150460184075,0.07924918919575016
4.041616646658664,0.059611445781177476
4.04561824729892,0.040562532593959116
4.049619847939176,0.02245475103888767
4.053621448579432,0.005592023366876507
4.057623049219688,-0.009770381230998687
4.061624649859944,-0.02334324593298248
4.0656262505002,-0.03507925292504835
4.069627851140456,-0.045169651700654324
4.073629451780713,-0.05388202302148322
4.077631052420968,-0.06156027891746054
4.081632653061225,-0.06862466268673938
4.085634253701481,-0.07557173103801589
4.089635854341737,-0.08297430051742366
4.093637454981993,-0.09148150108163929
4.097639055622249,-0.10181879395556692
4.101640656262505,-0.11478797163235052
4.105642256902761,-0.13126715787337073
4.109643857543017,-0.1522108077082317
4.1136454581832735,-0.17864970743478883
4.11764705882353,-0.2111081965230445
4.121648659463785,-0.24214358309695289
4.125650260104042,-0.25999534145801256
4.129651860744298,-0.2548936713244231
4.133653461384554,-0.21917965852166765
4.13765506202481,-0.1473052749824966
4.141656662665066,-0.03583337886415814
4.1456582633053225,0.11656165812295262
4.149659863945578,0.30948037244252086
4.153661464585834,0.5396117794751342
4.157663065226091,0.7667393895580675
4.161664665866347,0.9506278863174843
4.165666266506602,1.0631175875803263
4.169667867146859,1.0881244453746113
4.173669467787115,1.0216400459292514
4.1776710684273715,0.8717316096740911
4.181672669067627,0.6597206899433965
4.185674269707883,0.42303526769486416
4.18967587034814,0.19277816152613136
4.193677470988396,-0.00841340242696465
4.197679071628651,-0.16552015280086543
4.201680672268908,-0.2711407730046318
4.205682272909164,-0.32549190121967364
4.2096838735494195,-0.33640813039993833
4.213685474189676,-0.31590565117413566
4.217687074829932,-0.27448567313187194
4.221688675470189,-0.2243377308656679
4.225690276110444,-0.1747735734008199
4.2296918767507,-0.1321268478281768
4.233693477390957,-0.09975309930405879
4.237695078031213,-0.07802977105032921
4.2416966786714685,-0.06435620435433866
4.245698279311725,-0.0547259694761698
4.249699879951981,-0.04799610621975322
4.253701480592237,-0.04302584789152156
4.257703081232493,-0.03887000407348948
4.261704681872749,-0.03480301887095401
4.265706282513006,-0.030318970912486934
4.269707883153261,-0.025131573349941826
4.2737094837935174,-0.019174173858446816
4.277711084433774,-0.01259761925730688
4.28171268507403,-0.005417881306863898
4.285714285714286,0.0025346168645769785
4.289715886354542,0.01132673853348001
4.293717486994798,0.02101203445221686
4.297719087635055,0.031630817458437675
4.30172068827531,0.04321018734483883
4.305722288915566,0.05576403085918225
4.309723889555823,0.06929302170427466
4.313725490196078,0.08378462053798964
4.3177270908363345,0.09921307497324391
4.321728691476591,0.11553941957802306
4.325730292116847,0.13271635705988263
4.329731892757103,0.1508229072928141
4.333733493397359,0.16973264398021276
4.337735094037615,0.18921225362240554
4.341736694677872,0.20903443972562818
4.345738295318127,0.22897805279512098
4.3497398959583835,0.24883010519911347
4.35374149659864,0.2683853859656288
4.357743097238895,0.2874447531334032
4.361744697879152,0.305815081747116
4.365746298519408,0.32330926385735614
4.369747899159664,0.3397462085206535
4.37374949979992,0.35495084179944986
4.377751100440176,0.36875410676212594
4.3817527010804325,0.38099296348297573
4.385754301720689,0.39151038904223057
4.389755902360944,0.40015537752603747
4.393757503001201,0.4067829400264784
4.397759103641457,0.4112541046415534
4.401760704281713,0.4134359164751934
4.405762304921969,0.4131960306013822
4.409763905562225,0.4102791823398072
4.413765506202481,0.4047767502813269
4.417767106842737,0.3969301130841568
4.421768707482993,0.38697433251776797
4.42577030812325,0.3751381534628749
4.429771908763506,0.3616440039114522
4.433773509403761,0.3467079949667139
4.437775110044018,0.33053992084313727
4.441776710684274,0.3133432588664364
4.44577831132453,0.29531513497294537
4.449779911964786,0.27664428817150205
4.453781512605042,0.2575099320221782
4.4577831132452985,0.23808468719111547
4.461784713885554,0.2185348574557229
4.46578631452581,0.19902042970464293
4.469787915166067,0.17969507393778633
4.473789515806323,0.1607061432662968
4.4777911164465785,0.14219467391258614
4.481792717086835,0.1242953852102998
4.485794317727091,0.10713667960435015
4.4897959183673475,0.09084064265088455
4.493797519007603,0.07552307205604467
4.497799119647859,0.061293564792122446
4.501800720288116,0.04825517716067954
4.505802320928372,0.03644112152717372
4.509803921568627,0.025780897842071288
4.513805522208884,0.01620377996918464
4.51780712284914,0.007640766063455929
4.5218087234893956,2.4578570939261073e-05
4.525810324129652,-0.006710335771183107
4.529811924769908,-0.012627805934615507
4.533813525410165,-0.01778993659993594
4.53781512605042,-0.022257108156606746
4.541816726690676,-0.02608797670296593
4.545818327330933,-0.02933947336411239
4.549819927971189,-0.032065628995303755
4.5538215286114445,-0.03431516151564881
4.557823129251701,-0.03613438243090793
4.561824729891957,-0.03756787895572255
4.565826330532213,-0.03865851401361245
4.569827931172469,-0.03944742623697815
4.573829531812725,-0.03997402996709884
4.577831132452982,-0.04027601525413387
4.581832733093237,-0.040389347857121935
4.5858343337334935,-0.04034826924398143
4.58983593437375,-0.04018529659151024
4.593837535014006,-0.03993122278538594
4.597839135654262,-0.0396151095040828
4.601840736294518,-0.03924193486302952
4.605842336934774,-0.03880567898038059
4.609843937575031,-0.03831470119663029
4.613845538215286,-0.037776317608821955
4.617847138855542,-0.03719680107054692
4.621848739495799,-0.0365813811919451
4.625850340136054,-0.035934244339705206
4.629851940776311,-0.03525853363706397
4.633853541416567,-0.03455634896380712
4.637855142056823,-0.03382874695626829
4.641856742697079,-0.03307574100733
4.645858343337335,-0.032296301266422994
4.649859943977591,-0.031488841011715216
4.653861544617848,-0.03065381381821846
4.657863145258103,-0.029791834692631657
4.6618647458983595,-0.028902478167722324
4.665866346538616,-0.02798427553280741
4.669867947178871,-0.027034714833751233
4.673869547819128,-0.026050240872967593
4.677871148459384,-0.025026255209418004
4.68187274909964,-0.023957116158613186
4.685874349739896,-0.022836138792611503
4.689875950380152,-0.021655594940020537
4.6938775510204085,-0.020425215063147067
4.697879151660665,-0.019164999118911206
4.70188075230092,-0.01779169189756577
4.705882352941177,-0.0162123444632197
4.709883953581433,-0.01433169785425707
4.713885554221688,-0.012052183083340419
4.717887154861945,-0.009273921137407182
4.721888755502201,-0.005894722977673588
4.7258903561424574,-0.0018100895396300559
4.729891956782713,0.0030867882669530456
4.733893557422969,0.008905029558032435
4.737895158063226,0.015756063475283445
4.741896758703482,0.023753629186110403
4.745898359343737,0.03301377588363405
4.749899959983994,0.043655002453711116
4.75390156062425,0.05580015829047905
4.757903161264506,0.06957594871805227
4.761904761904762,0.08525052173315356
4.765906362545018,0.10300945464451958
4.7699079631852745,0.12224134203576947
4.77390956382553,0.1423274724858807
4.777911164465786,0.1626876855342949
4.781912765106043,0.18278037168095337
4.785914365746299,0.2021024723862608
4.7899159663865545,0.22018948007112124
4.793917567026811,0.23661543811690358
4.797919167667067,0.250992940865474
4.8019207683073235,0.2629731336191658
4.805922368947579,0.27224571264080666
4.809923969587835,0.27853892515369555
4.813925570228092,0.28161956934162025
4.817927170868347,0.2812929943488461
4.821928771508603,0.2774031002801209
4.82593037214886,0.26983233820067637
4.829931972789116,0.2585697992017208
4.833933573429372,0.24417282773712334
4.837935174069628,0.22741081137002175
4.841936774709884,0.2089875978924651
4.845938375350141,0.18954033215781366
4.849939975990396,0.16963944469744188
4.853941576630652,0.14978810834463327
4.857943177270909,0.13042199971830848
4.861944777911165,0.11191003149117154
4.8659463785514205,0.09455441339726949
4.869947979191677,0.07859065223195985
4.873949579831933,0.06418755185194186
4.877951180472189,0.05144721317522766
4.881952781112445,0.040405034181167795
4.885954381752701,0.031029709910429037
4.889955982392958,0.023287553833097333
4.893957583033213,0.01693299857921265
4.8979591836734695,0.011371461058480897
4.901960784313726,0.005860093604485106
4.905962384953982,-0.0004903340731131976
4.909963985594238,-0.008715391739182815
4.913965586234494,-0.01999697424997588
4.91796718687475,-0.035663301553143865
4.921968787515006,-0.05718891868771653
4.925970388155262,-0.085707572740654
4.9299719887955185,-0.11746304905721996
4.933973589435775,-0.14552580487839512
4.93797519007603,-0.16239593737525784
4.941976790716287,-0.1600299809453352
4.945978391356543,-0.12984090721258115
4.949979991996799,-0.0626981259179475
4.953981592637055,0.0485895859963634
4.957983193277311,0.20486715714412806
4.961984793917567,0.3997152722241089
4.965986394557824,0.6179811177091339
4.969987995198079,0.8357781578625345
4.9739895958383356,1.0204861347385048
4.977991196478592,1.133063723205471
4.981992797118847,1.1514064580622936
4.985994397759104,1.0729877291506285
4.98999599839936,0.9102899152196082
4.993997599039616,0.6910599973668005
4.997999199679872,0.4527469397349657
5.002000800320128,0.22436275352984855
5.0060024009603845,0.027847633908265536
5.010004001600641,-0.123595751878965
5.014005602240896,-0.2254093812266614
5.018007202881153,-0.2769322419998643
5.022008803521409,-0.28740802749027783
5.0260104041616644,-0.2687706350842292
5.030012004801921,-0.23156775870205115
5.034013605442177,-0.1849608887981035
5.0380152060824335,-0.1367253123607172
5.042016806722689,-0.09325011291226906
5.046018407362945,-0.059531484110553874
5.050020008003202,-0.036660450447311976
5.054021608643458,-0.02160129115874035
5.058023209283713,-0.011914133631220843
5.06202480992397,-0.0055990909891806395
5.066026410564226,-0.0010979553441566189
5.070028011204482,0.002705800052198267
5.074029611844738,0.006487020808105027
5.078031212484994,0.010482314014189887
5.082032813125251,0.014829119825875614
5.086034413765506,0.019699618883786005
5.090036014405762,0.02517749177560389
5.094037615046019,0.031338104037598825
5.098039215686275,0.038248506154615655
5.1020408163265305,0.045967433560087645
5.106042416966787,0.0545453413371113
5.110044017607043,0.06402450832172993
5.1140456182472995,0.07443893299964888
5.118047218887555,0.08581429880516428
5.122048819527811,0.09816797412114395
5.126050420168068,0.11150901227904408
5.130052020808323,0.1258415745214063
5.1340536214485795,0.14138885180801575
5.138055222088836,0.15813566672374463
5.142056822729092,0.17587220711656373
5.146058423369348,0.19439367310578426
5.150060024009604,0.21350027708202451
5.15406162464986,0.23299694918967337
5.158063225290117,0.2526898022573503
5.162064825930372,0.2723872832500195
5.166066426570628,0.2919027964502355
5.170068027210885,0.3110547584118942
5.17406962785114,0.3296665979601991
5.178071228491397,0.3475667561916937
5.182072829131653,0.3645886864742301
5.186074429771909,0.3805708544469995
5.190076030412165,0.39535673802050314
5.194077631052421,0.4087948273765799
5.198079231692677,0.4207386249683798
5.202080832332934,0.4310466455203885
5.206082432973189,0.4395824160284065
5.2100840336134455,0.4462144757595654
5.214085634253702,0.450816376252316
5.218087234893958,0.4532666813164363
5.222088835534214,0.453448967033027
5.22609043617447,0.4512518217545125
5.230092036814726,0.44649284653703675
5.234093637454982,0.4391621889862131
5.238095238095238,0.429538703620352
5.2420968387354945,0.41789360176338913
5.246098439375751,0.4044866740687663
5.250100040016006,0.3895662905194091
5.254101640656263,0.3733694122138223
5.258103241296519,0.35612205460637064
5.262104841936775,0.33803943948163134
5.266106442577031,0.31932541087062205
5.270108043217287,0.30017239213387226
5.274109643857543,0.28076138596139055
5.278111244497799,0.26126197437269794
5.282112845138055,0.24183231871679392
5.286114445778312,0.22261915967219117
5.290116046418568,0.2037578172468806
5.294117647058823,0.1853721907783658
5.29811924769908,0.16757475893362964
5.302120848339336,0.1504665797091662
5.306122448979592,0.13413729043095038
5.310124049619848,0.11866505663377075
5.314125650260104,0.104116418699112
5.3181272509003605,0.09054644521727231
5.322128851540617,0.07799878410803207
5.326130452180872,0.06650566262067947
5.330132052821129,0.056088523959914066
5.334133653461385,0.04675099262835133
5.3381352541016405,0.03842756714496174
5.342136854741897,0.0310400348563687
5.346138455382153,0.02451318853160339
5.3501400560224095,0.01877482636211642
5.354141656662665,0.01375575479902175
5.358143257302921,0.00939101985327006
5.362144857943178,0.005621831911486621
5.366146458583434,0.002392905049921801
5.370148059223689,-0.00034804123276293815
5.374149659863946,-0.0026502820154895783
5.378151260504202,-0.004560086954768051
5.382152861144458,-0.006120720284692747
5.386154461784714,-0.007372440816944948
5.39015606242497,-0.008352501940791332
5.394157663065227,-0.009095151623084694
5.398159263705482,-0.009631632408263747
5.402160864345738,-0.009990181418352983
5.406162464985995,-0.010196030352963185
5.410164065626251,-0.010271405489290623
5.4141656662665065,-0.010235527682117848
5.418167266906763,-0.010104612363813256
5.422168867547019,-0.009891869544330967
5.4261704681872756,-0.009607503811211227
5.430172068827531,-0.009258714329580382
5.434173669467787,-0.008849694842150212
5.438175270108044,-0.008381633669218853
5.442176870748299,-0.007852713708670222
5.4461784713885555,-0.00725523820741409
5.450180072028812,-0.00658669080268743
5.454181672669068,-0.005856129480975053
5.458183273309324,-0.0050715375676777825
5.46218487394958,-0.004243164664684353
5.466186474589836,-0.003380556454168064
5.470188075230093,-0.0024911078091193126
5.474189675870348,-0.001580061953593755
5.4781912765106044,-0.0006505104627137987
5.482192877150861,0.0002966067373330033
5.486194477791116,0.0012625013692922253
5.490196078431373,0.0022505368048439944
5.494197679071629,0.0032662280646020394
5.498199279711885,0.0043172418181145105
5.502200880352141,0.005413396383862864
5.506202480992397,0.006566661729263521
5.510204081632653,0.0077911594706657605
5.51420568227291,0.009103232128719295
5.518207282913165,0.010521650894468777
5.5222088835534215,0.012067407863259404
5.526210484193678,0.013761135842082422
5.530212084833934,0.015578204420058002
5.53421368547419,0.017625727924261595
5.538215286114446,0.020058081706440124
5.542216886754702,0.023020912837669456
5.546218487394958,0.02665114010835884
5.550220088035214,0.031076954028245684
5.5542216886754705,0.03641781682640157
5.558223289315727,0.04278462164798078
5.562224889955982,0.0502813840197579
5.566226490596239,0.059004585163499594
5.570228091236495,0.0690419979199052
5.574229691876751,0.08047266684899672
5.578231292517007,0.09336690823013649
5.582232893157263,0.10778631006200722
5.5862344937975195,0.12379425394548958
5.590236094437775,0.14156058213887868
5.594237695078031,0.16067435964144666
5.598239295718288,0.18055507689066397
5.602240896358544,0.20065205160474872
5.606242496998799,0.22044442878263132
5.610244097639056,0.23944118070398973
5.614245698279312,0.25718110692921453
5.618247298919568,0.2732328342994432
5.622248899559824,0.28719481693652765
5.62625050020008,0.29869533624306327
5.630252100840337,0.3073925009023643
5.634253701480592,0.31297424687848274
5.638255302120848,0.31515833741619814
5.642256902761105,0.31369236304101883
5.646258503401361,0.3083414196971455
5.6502601040416165,0.2988872599398941
5.654261704681873,0.28592501096517936
5.658263305322129,0.2702102016054121
5.6622649059623855,0.25243900838601
5.666266506602641,0.2332485798802825
5.670268107242897,0.21321534012203922
5.674269707883154,0.19285487914682928
5.67827130852341,0.17262195299190705
5.6822729091636655,0.15291048369626675
5.686274509803922,0.13405355930060833
5.690276110444178,0.11632343384737066
5.694277711084434,0.09993152738069937
5.69827931172469,0.08502842594647766
5.702280912364946,0.07170388159229779
5.706282513005203,0.05998681236748637
5.710284113645458,0.04984530232308236
5.714285714285714,0.0411866015118563
5.718287314925971,0.033857017313476026
5.722288915566227,0.02777539379938862
5.7262905162064826,0.022301293794713767
5.730292116846739,0.01612499438312539
5.734293717486995,0.00800956890847495
5.738295318127251,-0.0031990014796447006
5.742296918767507,-0.018571827825915214
5.746298519407763,-0.0390971133692718
5.75030012004802,-0.06568030739619779
5.754301720688275,-0.09728044170415076
5.7583033213285315,-0.12776688744879583
5.762304921968788,-0.14983741073316265
5.766306522609044,-0.15575426120358773
5.7703081232493,-0.13733978068973662
5.774309723889556,-0.08597566811817699
5.778311324529812,0.0064091813193744565
5.782312925170069,0.14310441090055678
5.786314525810324,0.3218784925171144
5.7903161264505805,0.5320534063707041
5.794317727090837,0.75431673551253
5.798319327731092,0.9607216658436962
5.802320928371349,1.1145148132923033
5.806322529011605,1.1794890277213452
5.810324129651861,1.1517658331509955
5.814325730292117,1.03999548008541
5.818327330932373,0.8597956830461675
5.822328931572629,0.6337516205720841
5.826330532212886,0.3914159352195127
5.830332132853141,0.16889300091242831
5.834333733493398,-0.012391101221190724
5.838335334133654,-0.14852632537077987
5.842336934773909,-0.23753300880937742
5.846338535414166,-0.28127229815306914
5.850340136054422,-0.2854461493608289
5.854341736694678,-0.2595973277346022
5.858343337334934,-0.21651168852418787
5.86234493797519,-0.16675562750719597
5.8663465386154465,-0.11799607097271525
5.870348139255703,-0.07563338703994327
5.874349739895958,-0.04272693183182816
5.878351340536215,-0.019995049736201913
5.882352941176471,-0.005815073405838377
5.886354541816727,0.003531038541108667
5.890356142456983,0.010104695355365803
5.894357743097239,0.01482302352422473
5.8983593437374955,0.018595122536284862
5.902360944377751,0.02212430828135125
5.906362545018007,0.025908113050427145
5.910364145658264,0.030238285535720485
5.91436574629852,0.03520079083063714
5.918367346938775,0.0406882695749131
5.922368947579032,0.046751176843306146
5.926370548219288,0.053512638791553546
5.9303721488595444,0.061035884130682366
5.9343737494998,0.06937459616828949
5.938375350140056,0.07857291280852809
5.942376950780313,0.08866542655212263
5.946378551420568,0.09967718449635213
5.950380152060824,0.11162368833506887
5.954381752701081,0.12451089435867793
5.958383353341337,0.13833521345415908
5.9623849539815925,0.1530835493060954
5.966386554621849,0.16889434538129977
5.970388155262105,0.1857625026662324
5.9743897559023615,0.20348986023170468
5.978391356542617,0.2218819685296397
5.982392957182873,0.2407480893931049
5.98639455782313,0.25990119603627804
5.990396158463386,0.279157973054482
5.9943977591036415,0.29833881642415044
5.998399359743898,0.3172678335028612
6.002400960384154,0.3357728430293031
6.00640256102441,0.35368537512330955
6.010404161664666,0.37084067128582493
6.014405762304922,0.3870776843989372
6.018407362945179,0.40223907872584697
6.022408963585434,0.41617122991089656
6.02641056422569,0.42872422497954316
6.030412164865947,0.43975186233838337
6.034413765506203,0.4491116517751303
6.038415366146459,0.4566648144586349
6.042416966786715,0.4622762829388674
6.046418567426971,0.4658147011469321
6.050420168067227,0.46715242439505644
6.054421768707483,0.4661655193765979
6.058423369347739,0.4626830141438145
6.062424969987996,0.45667127483788517
6.066426570628251,0.44835268369677334
6.0704281712685075,0.4379490726618524
6.074429771908764,0.42567617320906026
6.07843137254902,0.4117436135347883
6.082432973189276,0.3963549185559023
6.086434573829532,0.3797075099097184
6.090436174469788,0.3619927059540298
6.094437775110045,0.3433957217670778
6.0984393757503,0.3240956691475829
6.1024409763905565,0.30426555661471194
6.106442577030813,0.284072289408112
6.110444177671068,0.26367666948787566
6.114445778311325,0.2432333955345768
6.118447378951581,0.2228910629492341
6.122448979591837,0.2027921638533475
6.126450580232093,0.18307301155207312
6.130452180872349,0.1638635139238906
6.1344537815126055,0.14528740003093643
6.138455382152862,0.1274622956558272
6.142456982793117,0.110499723301626
6.146458583433374,0.09450510219187518
6.15046018407363,0.0795777482705679
6.154461784713885,0.06580626409696431
6.158463385354142,0.053189526688760105
6.162464985994398,0.041665641130463824
6.166466586634654,0.031174977356607094
6.17046818727491,0.021660102337495785
6.174469787915166,0.013064947702550395
6.1784713885554225,0.005334685229847748
6.182472989195679,-0.001584273153864689
6.186474589835934,-0.007744275373181849
6.190476190476191,-0.01319642920402941
6.194477791116447,-0.017990602273674133
6.1984793917567025,-0.02217542206071447
6.202480992396959,-0.025798275895089266
6.206482593037215,-0.028905310958069936
6.2104841936774715,-0.03154143428226701
6.214485794317727,-0.033750312751624864
6.218487394957983,-0.03557437310142608
6.22248899559824,-0.037054801918287784
6.226490596238496,-0.038231545640164746
6.230492196878751,-0.03914331055634664
6.234493797519008,-0.03982756280746037
6.238495398159264,-0.04032052838546827
6.2424969987995205,-0.04065719313366958
6.246498599439776,-0.04087130274669917
6.250500200080032,-0.04099534461814087
6.254501800720289,-0.041038550855172815
6.258503401360544,-0.040997718740131465
6.2625050020008,-0.04088187278731653
6.266506602641057,-0.04069960449337459
6.270508203281313,-0.040460328832289956
6.2745098039215685,-0.040173101844658755
6.278511404561825,-0.03984617491853359
6.282513005202081,-0.03948699477808233
6.286514605842338,-0.03910220348358767
6.290516206482593,-0.03869763843144706
6.294517807122849,-0.0382783323541732
6.298519407763106,-0.037848513320393413
6.302521008403361,-0.037411604734850196
6.3065226090436175,-0.0369702253384008
6.310524209683874,-0.03652618920801753
6.31452581032413,-0.03608050575678764
6.318527410964386,-0.0356333797339132
6.322529011604642,-0.03518421122471117
6.326530612244898,-0.03473159565061372
6.330532212885155,-0.03427331951702864
6.33453381352541,-0.03380634765692282
6.3385354141656665,-0.03332683598723851
6.342537014805923,-0.032830135761033497
6.346538615446179,-0.03231168250886725
6.350540216086435,-0.0317653807758802
6.354541816726691,-0.03116716474800019
6.358543417366947,-0.030482520539638607
6.362545018007203,-0.029667850812442272
6.366546618647459,-0.028670379645104938
6.370548219287715,-0.027427353774214354
6.374549819927972,-0.025866446711759125
6.378551420568227,-0.023906243500331454
6.382553021208484,-0.021456245729761306
6.38655462184874,-0.01841687153711258
6.390556222488996,-0.014679455606687661
6.394557823129252,-0.010126249170022146
6.398559423769508,-0.004630420005891056
6.402561024409764,0.0019439475596988711
6.40656262505002,0.00974185265349937
6.410564225690276,0.018917377855032835
6.4145658263305325,0.02965253276324637
6.418567426970789,0.04226219048452434
6.422569027611044,0.05660891729265213
6.426570628251301,0.07242177899645276
6.430572228891557,0.08941477756587757
6.434573829531813,0.10728685113203329
6.438575430172069,0.12572187398715218
6.442577030812325,0.14438865658462435
6.4465786314525815,0.1629409455389641
6.450580232092838,0.18101742362584336
6.454581832733093,0.19824170978205932
6.45858343337335,0.21422235910556522
6.462585034013606,0.22855286285544185
6.466586634653861,0.24081169128639426
6.470588235294118,0.2505633098066014
6.474589835934374,0.25735822167625944
6.47859143657463,0.260731917695056
6.482593037214886,0.2602048105248415
6.486594637855142,0.2555173310225252
6.490596238495399,0.24710721238471742
6.494597839135655,0.2355229387731672
6.49859943977591,0.22129011282506794
6.502601040416167,0.20491145565307728
6.506602641056423,0.1868668068452919
6.5106042416966785,0.16761312446527735
6.514605842336935,0.1475844850520346
6.518607442977191,0.1271920836200356
6.5226090436174475,0.10682423365918697
6.526610644257703,0.08684636713486624
6.530612244897959,0.06760103448788621
6.534613845538216,0.04940795316679486
6.538615446178472,0.03256415322463861
6.5426170468187275,0.01734383172219733
6.546618647458984,0.003926683413419033
6.55062024809924,-0.0079793397376903
6.5546218487394965,-0.018282749483000182
6.558623449379752,-0.026972757370331477
6.562625050020008,-0.034246447240119854
6.566626650660265,-0.04050878939259188
6.57062825130052,-0.04637447681630798
6.574629851940776,-0.052669744205756715
6.578631452581033,-0.06042913089641741
6.582633053221289,-0.07089504851636926
6.586634653861545,-0.08551778098630593
6.590636254501801,-0.10595556637682331
6.594637855142057,-0.13332409520058836
6.598639455782314,-0.16471437218560436
6.602641056422569,-0.19517084475367816
6.606642657062825,-0.21872838761159197
6.610644257703082,-0.22841230275115115
6.614645858343337,-0.21623831944914948
6.6186474589835935,-0.1732125942673784
6.62264905962385,-0.09156642984406621
6.626650660264106,0.03277854549728597
6.630652260904362,0.19974388375704105
6.634653861544618,0.40134034286559833
6.638655462184874,0.6216314009420691
6.642657062825131,0.8367332562946163
6.646658663465386,1.0148148274200894
6.6506602641056425,1.1172088933864732
6.654661864745899,1.1260375927421573
6.658663465386155,1.0474371779226932
6.662665066026411,0.8941634043886545
6.666666666666667,0.6852227733002543
6.670668267306923,0.44587361248976143
6.674669867947179,0.20762931937900272
6.678671468587435,0.005264215137893752
6.682673069227691,-0.15091732559642163
6.686674669867948,-0.26021359827748375
6.690676270508203,-0.32375321335621793
6.69467787114846,-0.3456349537402368
6.698679471788716,-0.33292777479372243
6.702681072428972,-0.2956708043374737
6.706682673069228,-0.24686646436549597
6.710684273709484,-0.19852821569781814
6.71468587434974,-0.15536634910671546
6.718687474989996,-0.12004087816667453
6.722689075630252,-0.09377595560841138
6.7266906762705085,-0.07635987331880943
6.730692276910765,-0.06614506234096657
6.73469387755102,-0.06004917938285975
6.738695478191277,-0.055392678316172284
6.742697078831533,-0.05170660753201734
6.746698679471789,-0.04842026226871858
6.750700280112045,-0.04507889416642633
6.754701880752301,-0.04134371126712378
6.7587034813925575,-0.03699187801462072
6.762705082032813,-0.0319165152545603
6.766706682673069,-0.026126700234411288
6.770708283313326,-0.019666294266221608
6.774709883953582,-0.012425963358066621
6.778711484593837,-0.004337485325207235
6.782713085234094,0.004651874058038591
6.78671468587435,0.014581410169566789
6.7907162865146065,0.025476979539502852
6.794717887154862,0.03735099985018462
6.798719487795118,0.05020244993618105
6.802721088435375,0.06401686978427185
6.806722689075631,0.07876636053346958
6.810724289715886,0.09440958447499564
6.814725890356143,0.1108917650523063
6.818727490996399,0.12814468686106478
6.8227290916366545,0.14611919272001908
6.826730692276911,0.1648187221701301
6.830732292917167,0.18403088084914684
6.834733893557424,0.20352558682567962
6.838735494197679,0.2230801626011571
6.842737094837935,0.24247933510979264
6.846738695478192,0.2615152357186179
6.850740296118448,0.27998740022744933
6.8547418967587035,0.29770276886892155
6.85874349739896,0.31447568630845446
6.862745098039216,0.33012790164428485
6.866746698679472,0.3444885684074369
6.870748299319728,0.3573943628314103
6.874749899959984,0.36869190160371285
6.878751500600241,0.3782376435766462
6.882753101240496,0.38589555063748776
6.8867547018807524,0.39153698910632456
6.890756302521009,0.3950407297360391
6.894757903161265,0.39629294771231977
6.898759503801521,0.3951549337400374
6.902761104441777,0.39127886384089233
6.906762705082033,0.38480182595865736
6.91076430572229,0.3759777242583443
6.914765906362545,0.3650518443553486
6.918767507002801,0.35226085331543433
6.922769107643058,0.33783279965475344
6.926770708283313,0.3219871133398229
6.9307723089235695,0.30493460578755033
6.934773909563826,0.2868774698652063
6.938775510204082,0.26800927989045376
6.942777110844338,0.24851507462464173
6.946778711484594,0.22857160625281264
6.95078031212485,0.20834709140369312
6.954781912765107,0.1880011281564054
6.958783513405362,0.16768469604043054
6.9627851140456185,0.14754015603564513
6.966786714685875,0.12770125057228518
6.97078831532613,0.10829308558132202
6.974789915966387,0.08943039602549324
6.978791516606643,0.07121609995455618
6.982793117246899,0.05374415648990385
6.986794717887155,0.037099906203322194
6.990796318527411,0.021360071116959384
6.9947979191676675,0.0065927547033550835
6.998799519807924,-0.007142558114587101
7.002801120448179,-0.019795000963573846
7.006802721088436,-0.031322326019946375
7.010804321728692,-0.04171201429945
7.014805922368948,-0.0510310558385982
7.018807523009204,-0.0593571142128113
7.02280912364946,-0.06676494866336115
7.026810724289716,-0.07332648901127034
7.030812324929972,-0.07911083565732539
7.034813925570228,-0.08418425958206473
7.038815526210485,-0.08861020234578937
7.042817126850741,-0.09244927608855355
7.046818727490996,-0.09575926353017301
7.050820328131253,-0.09859511797021754
7.054821928771509,-0.10100896328801783
7.058823529411765,-0.1030500939426593
7.062825130052021,-0.10476497497298723
7.066826730692277,-0.10619724199760275
7.0708283313325335,-0.10738770119138838
7.074829931972789,-0.10837340663132974
7.078831532613045,-0.10918521266513567
7.082833133253302,-0.10985037489962705
7.086834733893558,-0.11039331952138298
7.0908363345338135,-0.11083564329673988
7.09483793517407,-0.11119611357179181
7.098839535814326,-0.11149066827239047
7.1028411364545825,-0.11173241590414518
7.106842737094838,-0.11193163555242276
7.110844337735094,-0.11209577688234784
7.114845938375351,-0.11222946013880239
7.118847539015607,-0.11233447614642629
7.122849139655862,-0.112409243024653
7.126850740296119,-0.11242369087544657
7.130852340936375,-0.1123778212093018
7.1348539415766306,-0.11229120767476068
7.138855542216887,-0.11218011761717853
7.142857142857143,-0.1120575120787232
7.1468587434974,-0.11193311064915112
7.150860344137655,-0.11181358601813224
7.154861944777911,-0.11170236942292505
7.158863545418168,-0.1115995857976006
7.162865146058424,-0.11150205377304327
7.1668667466986795,-0.11140328567695008
7.170868347338936,-0.11129348753383143
7.174869947979192,-0.11115990325810694
7.178871548619448,-0.11098911565232326
7.182873149259704,-0.11076562766811929
7.18687474989996,-0.11047064267096038
7.190876350540217,-0.11008205772312513
7.194877951180472,-0.10957446358370465
7.1988795518207285,-0.1089191447086035
7.202881152460985,-0.10808407925053878
7.206882753101241,-0.10703393905904098
7.210884353741497,-0.10573008968045298
7.214885954381753,-0.10413059035793149
7.218887555022009,-0.10219019403144487
7.222889155662265,-0.09991151759710094
7.226890756302521,-0.09729422160685032
7.230892356942777,-0.09406591571864484
7.234893957583034,-0.08997525607165477
7.238895558223289,-0.08481133256186603
7.242897158863546,-0.07840366884207327
7.246898759503802,-0.07062222232188792
7.250900360144058,-0.06137738416772804
7.254901960784314,-0.050619979302831186
7.25890356142457,-0.03834126640723863
7.262905162064826,-0.024572937917814133
7.266906762705083,-0.009387120028222375
7.270908363345338,0.007103627311047117
7.2749099639855945,0.02474638042952325
7.278911564625851,0.04334909476598405
7.282913165266106,0.06268045798571874
7.286914765906363,0.08247587697626632
7.290916366546619,0.10229312880894645
7.294917967186875,0.12145935208214736
7.298919567827131,0.13935552006206206
7.302921168467387,0.15543485080898975
7.3069227691076435,0.16922280717736746
7.3109243697479,0.18031709681574212
7.314925970388155,0.18838767216679397
7.318927571028412,0.1931767304673181
7.322929171668668,0.1944987137482373
7.326930772308923,0.192240308834595
7.33093237294918,0.18635262659497687
7.334933973589436,0.1769484415935001
7.3389355742296924,0.1644959682746977
7.342937174869948,0.14949864157677223
7.346938775510204,0.1324523237102514
7.350940376150461,0.11384536340127284
7.354941976790717,0.09415877362133108
7.358943577430972,0.0738660538575337
7.362945178071229,0.05343313086930757
7.366946778711485,0.03331835868843384
7.370948379351741,0.013972518619013437
7.374949979991997,-0.004186444723091651
7.378951580632253,-0.02118641097147906
7.3829531812725095,-0.03675145577576509
7.386954781912765,-0.05055881816683245
7.390956382553021,-0.06244723930334739
7.394957983193278,-0.07241696247178403
7.398959583833534,-0.0806297330864028
7.4029611844737895,-0.08740879868926912
7.406962785114046,-0.09323890895023773
7.410964385754302,-0.09876631566696564
7.4149659863945585,-0.1047987727649009
7.418967587034814,-0.11230553629729352
7.42296918767507,-0.12241736444518318
7.426970788315327,-0.136497001547369
7.430972388955582,-0.1562040068438194
7.434973989595838,-0.18179513487157034
7.438975590236095,-0.21167029199424053
7.442977190876351,-0.24239454889081313
7.446978791516607,-0.26869814055558633
7.450980392156863,-0.28347646629822176
7.454981992797119,-0.27779008974370634
7.458983593437376,-0.24211225710662296
7.462985194077631,-0.17045174851187178
7.466986794717887,-0.055079170649981114
7.470988395358144,0.10480180623031468
7.4749899959984,0.3019955762583956
7.4789915966386555,0.5213156640442449
7.482993197278912,0.7395872169475507
7.486994797919168,0.9256441879626948
7.490996398559424,1.0412781256241248
7.49499799919968,1.0646420533136032
7.498999599839936,0.9979629377392982
7.503001200480193,0.8516716149953162
7.507002801120448,0.6437903378130034
7.5110044017607045,0.3999327755611895
7.515006002400961,0.15330401424584153
7.519007603041217,-0.05580944152384229
7.523009203681473,-0.21179754886964727
7.527010804321729,-0.3191086148557308
7.531012404961985,-0.37942637103391696
7.535014005602241,-0.39755160446914106
7.539015606242497,-0.3814021577395593
7.5430172068827535,-0.34201292893651186
7.54701880752301,-0.29324028450675754
7.551020408163265,-0.24541064660688003
7.555022008803522,-0.20309841533236095
7.559023609443778,-0.16907756165863447
7.563025210084034,-0.14446220273302773
7.56702681072429,-0.1287065079072661
7.571028411364546,-0.11960469873742846
7.575030012004802,-0.11347031171475114
7.579031612645059,-0.10851917719092966
7.583033213285314,-0.10429995195156197
7.5870348139255706,-0.10027270182033095
7.591036414565827,-0.09601609682977312
7.595038015206082,-0.091227403007774
7.599039615846339,-0.08572248237757524
7.603041216486595,-0.07943579295776663
7.607042817126851,-0.07241957558189724
7.611044417767107,-0.06468064096570307
7.615046018407363,-0.056111290336544856
7.6190476190476195,-0.04664649583357552
7.623049219687876,-0.036236615545537726
7.627050820328131,-0.024847393510748966
7.631052420968388,-0.012459959717117847
7.635054021608644,0.0009291698978741228
7.6390556222488994,0.015308093447152258
7.643057222889156,0.030649523094070825
7.647058823529412,0.046910785052389076
7.6510604241696685,0.06403381958629716
7.655062024809924,0.08194518101038822
7.65906362545018,0.10055603768968834
7.663065226090437,0.11977382804688019
7.667066826730693,0.13961287833188024
7.671068427370948,0.15986533766026403
7.675070028011205,0.1802611071848943
7.679071628651461,0.200542772433701
7.6830732292917165,0.22046846869404563
7.687074829931973,0.2398113332063579
7.691076430572229,0.2583570766772515
7.695078031212486,0.2759039093223278
7.699079631852741,0.29226254086614256
7.703081232492997,0.3072561805422377
7.707082833133254,0.32072053709311116
7.71108443377351,0.33250381877024515
7.7150860344137655,0.3424667333340807
7.719087635054022,0.3504824880540391
7.723089235694278,0.35643678970850473
7.7270908363345345,0.360227844584839
7.73109243697479,0.36176635847936894
7.735094037615046,0.3609755366973951
7.739095638255303,0.3577696465571401
7.743097238895558,0.35187325324770696
7.7470988395358145,0.3434443656009565
7.751100440176071,0.3327657187819923
7.755102040816327,0.3201086823525201
7.759103641456583,0.30573338462621436
7.763105242096839,0.28988908573489836
7.767106842737095,0.2728138045623612
7.771108443377352,0.25473419438899986
7.775110044017607,0.23586554289178976
7.779111644657863,0.21641176277099616
7.78311324529812,0.19656483872432037
7.787114845938375,0.17650451812740478
7.791116446578632,0.15639910776591598
7.795118047218888,0.13640554882213096
7.799119647859144,0.11666941687490306
7.8031212484994,0.09732492189969658
7.807122849139656,0.07849490826855178
7.811124449779912,0.060290854750119194
7.815126050420169,0.04281287450962648
7.819127651060424,0.026149715108910798
7.8231292517006805,0.010378758506387248
7.827130852340937,-0.004433978942921147
7.831132452981193,-0.018233846487411293
7.835134053621449,-0.03097755897887411
7.839135654261705,-0.04263319687251924
7.843137254901961,-0.05317973529131835
7.847138855542217,-0.06262572764127765
7.851140456182473,-0.0710413508073145
7.8551420568227295,-0.078502649255292
7.859143657462986,-0.08508261833418404
7.863145258103241,-0.0908512042760891
7.867146858743498,-0.09587530419621798
7.871148459383754,-0.10021876609290424
7.87515006002401,-0.10394238884759537
7.879151660664266,-0.10710392227102794
7.883153261304522,-0.10975814664972237
7.887154861944778,-0.11195703604022973
7.891156462585034,-0.11374956154965823
7.89515806322529,-0.11518164516823585
7.899159663865547,-0.11629615976930718
7.903161264505803,-0.11713292910933612
7.907162865146058,-0.11772872782790342
7.911164465786315,-0.11811728144770867
7.915166066426571,-0.11832926637456884
7.919167667066827,-0.11839230989741956
7.923169267707083,-0.1183309901883138
7.927170868347339,-0.11816683630242306
7.9311724689875955,-0.1179183281780366
7.935174069627852,-0.1176008966365617
7.939175670268107,-0.11722692338252373
7.943177270908364,-0.11680574100356589
7.94717887154862,-0.11634344665008314
7.9511804721888755,-0.11582185933756273
7.955182072829132,-0.11524172375756545
7.959183673469388,-0.11462219197855857
7.9631852741096445,-0.11397982087415684
7.9671868747499,-0.1133288256284767
7.971188475390156,-0.11268082623078228
7.975190076030413,-0.11204476297369942
7.979191676670669,-0.11142689645321675
7.983193277310924,-0.11083067766309657
7.987194877951181,-0.11025605431489273
7.991196478591437,-0.1096999726657469
7.995198079231693,-0.10915669853645006
7.999199679871949,-0.10861781805115468
8.003201280512204,-0.10807223763737626
8.00720288115246,-0.10750618402599205
8.011204481792717,-0.10690320425124161
8.015206082432973,-0.10624416565072763
8.01920768307323,-0.10550725586541437
8.023209283713486,-0.10466798283962844
8.027210884353742,-0.10369917482105859
8.031212484993999,-0.10257098036075697
8.035214085634253,-0.101250868313137
8.03921568627451,-0.0997036278359746
8.043217286914766,-0.09789136839040742
8.047218887555022,-0.09581988686222212
8.051220488195279,-0.09347145693331362
8.055222088835535,-0.09059826712699488
8.059223689475791,-0.08697000024525695
8.063225290116046,-0.08238688884871641
8.067226890756302,-0.0766797152566067
8.071228491396559,-0.06970981154678291
8.075230092036815,-0.06136905955571751
8.079231692677071,-0.051579890878514875
8.083233293317328,-0.04029539418529414
8.087234893957584,-0.027500775757226054
8.09123649459784,-0.013212979465719367
8.095238095238095,0.002520471587409097
8.099239695878351,0.019621504541740727
8.103241296518608,0.03798149677822965
8.107242897158864,0.057466813114159944
8.11124449779912,0.07796484390422638
8.115246098439377,0.0988510713398936
8.119247699079633,0.11939331515678779
8.123249299719888,0.13893404701376638
8.127250900360144,0.15689039049288203
8.1312525010004,0.17275412109943597
8.135254101640657,0.1860916662619419
8.139255702280913,0.1965441053321403
8.14325730292117,0.20382716958497923
8.147258903561426,0.2077312422186439
8.15126050420168,0.20812135835453557
8.155262104841936,0.20493720503727542
8.159263705482193,0.19819312123471167
8.16326530612245,0.18795674090017397
8.167266906762706,0.17456177452826765
8.171268507402962,0.158702422466809
8.175270108043218,0.14103690728194634
8.179271708683475,0.12216726265640443
8.183273309323729,0.10263936679076371
8.187274909963985,0.08294453679134613
8.191276510604242,0.06352022853086375
8.195278111244498,0.044747888008435904
8.199279711884754,0.0269527723397876
8.20328131252501,0.01040394975724079
8.207282913165267,-0.004685700390291531
8.211284513805522,-0.01815948763727957
8.215286114445778,-0.029919042280286877
8.219287715086034,-0.04014826797447204
8.22328931572629,-0.0488534948236257
8.227290916366547,-0.0560427094455507
8.231292517006803,-0.06199649251516542
8.23529411764706,-0.06726801876448824
8.239295718287316,-0.07268305698264417
8.24329731892757,-0.07933997001585567
8.247298919567827,-0.08860971476745556
8.251300520208083,-0.10213558686206481
8.25530212084834,-0.12151541236008054
8.259303721488596,-0.14696236060347714
8.263305322128852,-0.1767035604766025
8.267306922769109,-0.20694122494628303
8.271308523409363,-0.23185265106183983
8.27531012404962,-0.24359021995504587
8.279311724689876,-0.2323125522374086
8.283313325330132,-0.19060814904496115
8.287314925970389,-0.10871819292472616
8.291316526610645,0.019826276084936575
8.295318127250901,0.1930451530513965
8.299319727891156,0.40050977548083033
8.303321328531412,0.6233429233183492
8.307322929171669,0.8342283550489348
8.311324529811925,0.9992558773322855
8.315326130452181,1.087373695812977
8.319327731092438,1.0816691965357783
8.323329331732694,0.9811817092853454
8.32733093237295,0.800902507586205
8.331332533013205,0.5717748087027199
8.335334133653461,0.33384119195385736
8.339335734293718,0.11239247410719871
8.343337334933974,-0.07433219759821719
8.34733893557423,-0.21498747838587676
8.351340536214487,-0.30520852684130023
8.355342136854743,-0.34761100491190394
8.359343737494997,-0.3504903828747958
8.363345338135254,-0.3232332109748326
8.36734693877551,-0.2791432329543206
8.371348539415767,-0.2292343856952702
8.375350140056023,-0.1816216388283118
8.37935174069628,-0.1415210046917179
8.383353341336536,-0.11124954165102349
8.387354941976792,-0.090224579442449
8.391356542617046,-0.07580987465850711
8.395358143257303,-0.06610637509615104
8.39935974389756,-0.05966269752647635
8.403361344537815,-0.05523936910991717
8.407362945178072,-0.05180882739622939
8.411364545818328,-0.04855542032450301
8.415366146458584,-0.0448754062231571
8.419367747098839,-0.04037695380994634
8.423369347739095,-0.0348801421919514
8.427370948379352,-0.028416960865585005
8.431372549019608,-0.02123130971658764
8.435374149659864,-0.013618626896901964
8.43937575030012,-0.005255765409815627
8.443377350940377,0.003972790529333004
8.447378951580633,0.014122300862936154
8.451380552220888,0.025232361866146816
8.455382152861144,0.03732690614690662
8.4593837535014,0.05041420264592777
8.463385354141657,0.064486856636704
8.467386954781913,0.07952180972548428
8.47138855542217,0.09548033985131198
8.475390156062426,0.11230806128599884
8.47939175670268,0.12993492463413958
8.483393357342937,0.14827521683308043
8.487394957983193,0.167262345852915
8.49139655862345,0.1868641106735955
8.495398159263706,0.20684596669169777
8.499399759903962,0.22696388456347416
8.503401360544219,0.2469836234981167
8.507402961184473,0.26668073125772124
8.51140456182473,0.28584054415730453
8.515406162464986,0.30425818706477126
8.519407763105242,0.3217385734009642
8.523409363745499,0.3380964051396305
8.527410964385755,0.35315617280743633
8.531412565026011,0.3667521554839408
8.535414165666268,0.3787284208016365
8.539415766306522,0.3889388249459216
8.543417366946779,0.3972470126551105
8.547418967587035,0.40352641722041943
8.551420568227291,0.4076602604859892
8.555422168867548,0.40954155284886956
8.559423769507804,0.40900349804668557
8.56342537014806,0.40572576387724724
8.567426970788315,0.39991133542292023
8.571428571428571,0.3918226996618469
8.575430172068828,0.3817129273909614
8.579431772709084,0.36982567101063557
8.58343337334934,0.35639516674002464
8.587434973989597,0.34164617381114276
8.591436574629853,0.3257915555245911
8.59543817527011,0.3090314856713799
8.599439775910364,0.29155649849633547
8.60344137655062,0.27354771280154727
8.607442977190876,0.2551768319463505
8.611444577831133,0.23660614384736134
8.61544617847139,0.21798852097842572
8.619447779111646,0.19946742037065257
8.623449379751902,0.1811768836123973
8.627450980392156,0.16324153684929657
8.631452581032413,0.14577659078421587
8.635454181672669,0.12888784067728415
8.639455782312925,0.1126716663458785
8.643457382953182,0.09721503216465285
8.647458983593438,0.08259548706549402
8.651460584233694,0.06888116453755146
8.65546218487395,0.056130782627223444
8.659463785514205,0.04439364393818107
8.663465386154462,0.033709635631332745
8.667466986794718,0.024103009915304917
8.671468587434974,0.01552527357334298
8.67547018807523,0.007892425025423633
8.679471788715487,0.0011233821003339937
8.683473389355743,-0.004859939175563693
8.687474989995998,-0.01013261776648881
8.691476590636254,-0.014763771447990466
8.69547819127651,-0.01881193559369651
8.699479791916767,-0.02233145110988181
8.703481392557023,-0.02537366070525153
8.70748299319728,-0.02798690889093604
8.711484593837536,-0.030216541980498814
8.71548619447779,-0.032104908089931064
8.719487795118047,-0.03369135713765289
8.723489395758303,-0.03501224084451396
8.72749099639856,-0.03610091273379201
8.731492597038816,-0.036987728131195025
8.735494197679072,-0.03770004416485939
8.739495798319329,-0.03826221976535072
8.743497398959585,-0.038695615665663936
8.74749899959984,-0.03901859440122282
8.751500600240096,-0.03924652030988017
8.755502200880352,-0.03939175953191782
8.759503801520609,-0.0394636800100473
8.763505402160865,-0.039468651489408466
8.767507002801121,-0.03941004551757065
8.771508603441378,-0.03928823544453182
8.775510204081632,-0.0391005964227199
8.779511804721889,-0.03883848412153369
8.783513405362145,-0.03848347086434233
8.787515006002401,-0.03804245092803409
8.791516606642658,-0.03752494354824876
8.795518207282914,-0.03694442263006737
8.79951980792317,-0.0363139340347197
8.803521408563427,-0.035643960602199605
8.807523009203681,-0.03494242091216262
8.811524609843937,-0.03421466928392277
8.815526210484194,-0.033463495776454806
8.81952781112445,-0.032689126188392946
8.823529411764707,-0.03188922205803285
8.827531012404963,-0.031058880663328937
8.83153261304522,-0.030190635021896117
8.835534213685474,-0.029274453891008852
8.83953581432573,-0.028297741767603087
8.843537414965986,-0.027245338888273546
8.847539015606243,-0.026099521229275422
8.8515406162465,-0.02484000050652326
8.855542216886755,-0.023443924175593392
8.859543817527012,-0.021885875431720807
8.863545418167266,-0.020137873209800903
8.867547018807523,-0.018177305228147433
8.871548619447779,-0.01601790107201767
8.875550220088035,-0.013501715661352172
8.879551820728292,-0.010444813858156154
8.883553421368548,-0.006680074699609774
8.887555022008804,-0.002057191398075447
8.89155662264906,0.0035575960697567756
8.895558223289315,0.010284342203085294
8.899559823929572,0.018228292907269003
8.903561424569828,0.02747791333883432
8.907563025210084,0.03810485447914128
8.91156462585034,0.050163953134369436
8.915566226490597,0.0636932319355279
8.919567827130853,0.07871389933843007
8.923569427771108,0.09523034962373053
8.927571028411364,0.11331661821163934
8.93157262905162,0.13282422412678635
8.935574229691877,0.1531082333726024
8.939575830332133,0.17355068333757723
8.94357743097239,0.19357780357683863
8.947579031612646,0.21266001581216692
8.951580632252902,0.23031193393196386
8.955582232893157,0.2460923639913015
8.959583833533413,0.2596043042118896
8.96358543417367,0.270494944982087
8.967587034813926,0.27845566885688416
8.971588635454182,0.2832220505579326
8.975590236094439,0.28457385697352355
8.979591836734695,0.282335047158592
8.98359343737495,0.2763713077086261
8.987595038015206,0.26664561184400637
8.991596638655462,0.25372904838822563
8.995598239295719,0.2383185033226915
8.999599839935975,0.22105618447752232
9.003601440576231,0.20253121321800333
9.007603041216488,0.18327972713551405
9.011604641856744,0.16378488004751282
9.015606242496998,0.1444768419975723
9.019607843137255,0.1257327992553262
9.023609443777511,0.10787695431650557
9.027611044417768,0.09118052590292079
9.031612645058024,0.07586174896249334
9.03561424569828,0.062085874669208924
9.039615846338537,0.04996517042314916
9.043617446978791,0.03955891985047904
9.047619047619047,0.030829605371779062
9.051620648259304,0.02358561612995602
9.05562224889956,0.017498695617264415
9.059623849539816,0.012064535510386554
9.063625450180073,0.0066025690553910225
9.06762705082033,0.00025597106771902507
9.071628651460584,-0.008008342067806125
9.07563025210084,-0.01939971239698749
9.079631852741096,-0.035303740396232644
9.083633453381353,-0.05728228497258381
9.087635054021609,-0.08606295734433123
9.091636654661865,-0.11747792812594975
9.095638255302122,-0.14524465985275686
9.099639855942378,-0.16226713245358979
9.103641456582633,-0.16063672395176776
9.107643057222889,-0.13163235309223398
9.111644657863145,-0.06612294228747263
9.115646258503402,0.041404074135099334
9.119647859143658,0.19376537316475292
9.123649459783914,0.3859063037935071
9.12765106042417,0.6037887784993633
9.131652661064425,0.8243912732468267
9.135654261704682,1.015708827486578
9.139655862344938,1.1411972440301341
9.143657462985194,1.1779766662274238
9.14765906362545,1.1184419076639853
9.151660664265707,0.9713595093159456
9.155662264905963,0.7619171414666562
9.15966386554622,0.5253008899711895
9.163665466186474,0.2913563365169229
9.16766706682673,0.08386755639125139
9.171668667466987,-0.08199311466223212
9.175670268107243,-0.19964469351492967
9.1796718687475,-0.2661675783223649
9.183673469387756,-0.2887578378063863
9.187675070028012,-0.27937796268218995
9.191676670668267,-0.2485930158197639
9.195678271308523,-0.20557065573927555
9.19967987194878,-0.15808129429247572
9.203681472589036,-0.1124979513432732
9.207683073229292,-0.07379619260540854
9.211684673869549,-0.045495262758605576
9.215686274509805,-0.026740063305916155
9.219687875150061,-0.01444162424255792
9.223689475790316,-0.006431477666596085
9.227691076430572,-0.0009522570492773422
9.231692677070829,0.003342302764947011
9.235694277711085,0.007387365558427155
9.239695878351341,0.011706993740317397
9.243697478991598,0.01641414834656787
9.247699079631854,0.021455806835707747
9.251700680272108,0.027060405467426822
9.255702280912365,0.03330326466367895
9.259703881552621,0.040248420124980595
9.263705482192877,0.047952607581294215
9.267707082833134,0.05646526279201771
9.27170868347339,0.06582852154599128
9.275710284113647,0.07607721966148037
9.279711884753901,0.08723889298620074
9.283713485394157,0.09933377739730204
9.287715086034414,0.1123748088013778
9.29171668667467,0.12636988424910386
9.295718287314926,0.14134101303591826
9.299719887955183,0.15723851643168774
9.30372148859544,0.17398225550496432
9.307723089235695,0.19148083739814833
9.31172468987595,0.20963161075958883
9.315726290516206,0.22832066574355303
9.319727891156463,0.24742283401024273
9.323729491796719,0.2668016887257599
9.327731092436975,0.2863095445621578
9.331732693077232,0.3057874576974072
9.335734293717488,0.32506522581541347
9.339735894357743,0.34396138810598187
9.343737494997999,0.36228322526486934
9.347739095638255,0.37982675949375005
9.351740696278512,0.39637675450023113
9.355742296918768,0.411706715497824
9.359743897559024,0.42557888920598813
9.36374549819928,0.43775951811865926
9.367747098839537,0.4481332021674345
9.371748699479792,0.4565746266824919
9.375750300120048,0.4629701265543491
9.379751900760304,0.4672330836551789
9.38375350140056,0.4693039268388161
9.387755102040817,0.46915013194075356
9.391756702681073,0.46676620946193387
9.39575830332133,0.46217364100923825
9.399759903961584,0.4554201773136528
9.40376150460184,0.4465797541087251
9.407763105242097,0.43575330812608093
9.411764705882353,0.42306882307901034
9.41576630652261,0.40868132966245735
9.419767907162866,0.39277290555304567
9.423769507803122,0.37555267540904164
9.427771108443377,0.35725681087037797
9.431772709083633,0.33814853055864
9.43577430972389,0.31847189440574153
9.439775910364146,0.29834612547152956
9.443777511004402,0.27798872172968314
9.447779111644659,0.2576103564865995
9.451780712284915,0.23740311543294784
9.455782312925171,0.21754049664361494
9.459783913565426,0.19817741057774144
9.463785514205682,0.17945018007870464
9.467787114845938,0.1614765403741521
9.471788715486195,0.1443556390759503
9.475790316126451,0.1281680361802198
9.479791916766708,0.11297570406731883
9.483793517406964,0.09882202750187127
9.487795118047218,0.08573180363272465
9.491796718687475,0.07371124199297899
9.495798319327731,0.062747966137575
9.499799919967987,0.05281131101346312
9.503801520608244,0.04385266884663044
9.5078031212485,0.035808577697416445
9.511804721888756,0.02867691859444393
9.515806322529013,0.022413648271966524
9.519807923169267,0.016947475458036872
9.523809523809524,0.012210297742406739
9.52781112444978,0.008137201576521503
9.531812725090036,0.004666462273526947
9.535814325730293,0.0017395440082591247
9.539815926370549,-0.0006989001827488733
9.543817527010805,-0.0027010284012693783
9.54781912765106,-0.00431580988737667
9.551820728291316,-0.005589025019452513
9.555822328931573,-0.0065632653141821555
9.559823929571829,-0.007277933426555749
9.563825530212085,-0.007769243149867338
9.567827130852342,-0.0080702194157166
9.571828731492598,-0.008210698294007224
9.575830332132854,-0.008217326992947499
9.579831932773109,-0.008113563859050672
9.583833533413365,-0.007919678377134419
9.587835134053622,-0.007652751170320954
9.591836734693878,-0.00732667400003711
9.595838335334134,-0.006952062670286745
9.59983993597439,-0.006527578839944174
9.603841536614647,-0.0060555777300636115
9.607843137254902,-0.0055500024701207505
9.611844737895158,-0.005023136968937436
9.615846338535414,-0.004485597822454397
9.61984793917567,-0.003946334313732012
9.623849539815927,-0.003412628412950051
9.627851140456183,-0.0028900947774085275
9.63185274109644,-0.0023826807515263124
9.635854341736694,-0.0018926663668421915
9.63985594237695,-0.001420664342013796
9.643857543017207,-0.0009656200828196677
9.647859143657463,-0.0005248116821566179
9.65186074429772,-9.3849920041752e-05
9.655862344937976,0.00033332173638913167
9.659863945578232,0.0007644271328793957
9.663865546218489,0.0012088574280538764
9.667867146858743,0.0016776710934175384
9.671868747499,0.0021835939133560134
9.675870348139256,0.002741018985134621
9.679871948779512,0.0033660067189001234
9.683873549419769,0.004076284837679144
9.687875150060025,0.0048912483773794575
9.691876750700281,0.005831959686787824
9.695878351340536,0.00692114842757281
9.699879951980792,0.008153031286296176
9.703881552621048,0.009528741595507552
9.707883153261305,0.011221285370711046
9.711884753901561,0.013401747081746124
9.715886354541817,0.016227837523959617
9.719887955182074,0.01984389381820842
9.72388955582233,0.02438087941085243
9.727891156462585,0.02995638407376397
9.731892757102841,0.036674623904322336
9.735894357743097,0.044626441325414844
9.739895958383354,0.053889305085441055
9.74389755902361,0.06452731025829614
9.747899159663866,0.07659117824339522
9.751900760304123,0.0901182567656579
9.755902360944377,0.10513251987551854
9.759903961584634,0.1216445679488996
9.76390556222489,0.1397721050643321
9.767907162865146,0.1593947062541118
9.771908763505403,0.1798176621620834
9.775910364145659,0.20038427980975748
9.779911964785915,0.22049331247360623
9.78391356542617,0.2395989596850268
9.787915166066426,0.2572108672303576
9.791916766706683,0.27289412715084865
9.795918367346939,0.2862692777427074
9.799919967987195,0.2970120773984144
9.803921568627452,0.3048516301927606
9.807923169267708,0.3095708336982096
9.811924769907964,0.31100796252004154
9.815926370548219,0.30905673751846713
9.819927971188475,0.3036663258086277
9.823929571828732,0.29484134076060675
9.827931172468988,0.2827018963965186
9.831932773109244,0.2677987576708577
9.8359343737495,0.2508052917125915
9.839935974389757,0.23233989689638157
9.843937575030012,0.21296560250612276
9.847939175670268,0.1931900687349745
9.851940776310524,0.17346558668534406
9.85594237695078,0.15418907836892268
9.859943977591037,0.1357020967066306
9.863945578231293,0.11829082552865533
9.86794717887155,0.10218607957443268
9.871948779511806,0.0875633044926784
9.87595038015206,0.07454257684134172
9.879951980792317,0.06337429395582606
9.883953581432573,0.05511700651999747
9.88795518207283,0.04877376045466908
9.891956782713086,0.04308673266174303
9.895958383353342,0.03697662253788224
9.899959983993599,0.02954266983429365
9.903961584633853,0.020064969488098258
9.90796318527411,0.008006764756811028
9.911964785914366,-0.006989633569697335
9.915966386554622,-0.025103392206809388
9.919967987194878,-0.04633515537512642
9.923969587835135,-0.07050704480051763
9.927971188475391,-0.09726265971408844
9.931972789115648,-0.12606707685220203
9.935974389755902,-0.1542629213788965
9.939975990396158,-0.16940320939046713
9.943977591036415,-0.15879015943614558
9.947979191676671,-0.11347191681669695
9.951980792316927,-0.028243490281130768
9.955982392957184,0.09835324797341774
9.95998399359744,0.2640295623016248
9.963985594237695,0.4627498536100854
9.967987194877951,0.6847081667823963
9.971988795518207,0.9028590947720705
9.975990396158464,1.076116908141632
9.97999199679872,1.1752924657932884
9.983993597438976,1.184636207333811
9.987995198079233,1.1018381530748163
9.991996798719487,0.9379917258128806
9.995998399359744,0.7187446449401372
10.0,0.47939589108872116
